"Start Time (UTCG)","Stop Time (UTCG)","Duration (sec)"
15 Mar 2016 00:00:00.000,15 Mar 2016 00:52:20.056,3140.056
15 Mar 2016 01:28:21.949,15 Mar 2016 02:24:05.607,3343.658
15 Mar 2016 03:00:06.796,15 Mar 2016 03:55:51.159,3344.364
15 Mar 2016 04:31:51.624,15 Mar 2016 05:27:36.712,3345.088
15 Mar 2016 06:03:36.435,15 Mar 2016 06:59:22.264,3345.829
15 Mar 2016 07:35:21.227,15 Mar 2016 08:31:07.817,3346.590
15 Mar 2016 09:07:05.998,15 Mar 2016 10:02:53.369,3347.370
15 Mar 2016 10:38:50.756,15 Mar 2016 11:34:38.923,3348.167
15 Mar 2016 12:10:35.490,15 Mar 2016 13:06:24.478,3348.989
15 Mar 2016 13:42:20.209,15 Mar 2016 14:38:10.035,3349.827
15 Mar 2016 15:14:04.910,15 Mar 2016 16:09:55.594,3350.684
15 Mar 2016 16:45:49.594,15 Mar 2016 17:41:41.155,3351.561
15 Mar 2016 18:17:34.262,15 Mar 2016 19:13:26.719,3352.457
15 Mar 2016 19:49:18.911,15 Mar 2016 20:45:12.284,3353.372
15 Mar 2016 21:21:03.545,15 Mar 2016 22:16:57.855,3354.310
15 Mar 2016 22:52:48.161,15 Mar 2016 23:48:43.424,3355.262
16 Mar 2016 00:24:32.761,16 Mar 2016 01:20:28.998,3356.237
16 Mar 2016 01:56:17.343,16 Mar 2016 02:52:14.577,3357.233
16 Mar 2016 03:28:01.911,16 Mar 2016 04:24:00.159,3358.248
16 Mar 2016 04:59:46.462,16 Mar 2016 05:55:45.745,3359.283
16 Mar 2016 06:31:30.998,16 Mar 2016 07:27:31.336,3360.337
16 Mar 2016 08:03:15.519,16 Mar 2016 08:59:16.931,3361.412
16 Mar 2016 09:35:00.025,16 Mar 2016 10:31:02.532,3362.506
16 Mar 2016 11:06:44.516,16 Mar 2016 12:02:48.137,3363.621
16 Mar 2016 12:38:28.989,16 Mar 2016 13:34:33.749,3364.760
16 Mar 2016 14:10:13.450,16 Mar 2016 15:06:19.367,3365.917
16 Mar 2016 15:41:57.896,16 Mar 2016 16:38:04.991,3367.094
16 Mar 2016 17:13:42.330,16 Mar 2016 18:09:50.621,3368.291
16 Mar 2016 18:45:26.748,16 Mar 2016 19:41:36.258,3369.510
16 Mar 2016 20:17:11.153,16 Mar 2016 21:13:21.902,3370.749
16 Mar 2016 21:48:55.544,16 Mar 2016 22:45:07.554,3372.010
16 Mar 2016 23:20:39.923,17 Mar 2016 00:16:53.213,3373.290
17 Mar 2016 00:52:24.288,17 Mar 2016 01:48:38.881,3374.592
17 Mar 2016 02:24:08.641,17 Mar 2016 03:20:24.557,3375.916
17 Mar 2016 03:55:52.980,17 Mar 2016 04:52:10.242,3377.262
17 Mar 2016 05:27:37.305,17 Mar 2016 06:23:55.936,3378.631
17 Mar 2016 06:59:21.621,17 Mar 2016 07:55:41.639,3380.018
17 Mar 2016 08:31:05.924,17 Mar 2016 09:27:27.352,3381.428
17 Mar 2016 10:02:50.215,17 Mar 2016 10:59:13.075,3382.860
17 Mar 2016 11:34:34.495,17 Mar 2016 12:30:58.809,3384.313
17 Mar 2016 13:06:18.765,17 Mar 2016 14:02:44.553,3385.788
17 Mar 2016 14:38:03.024,17 Mar 2016 15:34:30.308,3387.285
17 Mar 2016 16:09:47.271,17 Mar 2016 17:06:16.075,3388.804
17 Mar 2016 17:41:31.506,17 Mar 2016 18:38:01.854,3390.348
17 Mar 2016 19:13:15.733,17 Mar 2016 20:09:47.645,3391.912
17 Mar 2016 20:44:59.950,17 Mar 2016 21:41:33.448,3393.499
17 Mar 2016 22:16:44.159,17 Mar 2016 23:13:19.265,3395.106
17 Mar 2016 23:48:28.356,18 Mar 2016 00:45:05.095,3396.739
18 Mar 2016 01:20:12.545,18 Mar 2016 02:16:50.938,3398.393
18 Mar 2016 02:51:56.726,18 Mar 2016 03:48:36.795,3400.069
18 Mar 2016 04:23:40.898,18 Mar 2016 05:20:22.667,3401.769
18 Mar 2016 05:55:25.061,18 Mar 2016 06:52:08.555,3403.494
18 Mar 2016 07:27:09.217,18 Mar 2016 08:23:54.455,3405.238
18 Mar 2016 08:58:53.364,18 Mar 2016 09:55:40.372,3407.007
18 Mar 2016 10:30:37.502,18 Mar 2016 11:27:26.305,3408.803
18 Mar 2016 12:02:21.635,18 Mar 2016 12:59:12.255,3410.620
18 Mar 2016 13:34:05.764,18 Mar 2016 14:30:58.221,3412.457
18 Mar 2016 15:05:49.883,18 Mar 2016 16:02:44.204,3414.322
18 Mar 2016 16:37:33.997,18 Mar 2016 17:34:30.205,3416.208
18 Mar 2016 18:09:18.106,18 Mar 2016 19:06:16.222,3418.116
18 Mar 2016 19:41:02.206,18 Mar 2016 20:38:02.259,3420.053
18 Mar 2016 21:12:46.304,18 Mar 2016 22:09:48.314,3422.010
18 Mar 2016 22:44:30.396,18 Mar 2016 23:41:34.389,3423.992
19 Mar 2016 00:16:14.484,19 Mar 2016 01:13:20.483,3425.999
19 Mar 2016 01:47:58.568,19 Mar 2016 02:45:06.598,3428.030
19 Mar 2016 03:19:42.649,19 Mar 2016 04:16:52.730,3430.080
19 Mar 2016 04:51:26.726,19 Mar 2016 05:48:38.885,3432.159
19 Mar 2016 06:23:10.796,19 Mar 2016 07:20:25.061,3434.265
19 Mar 2016 07:54:54.867,19 Mar 2016 08:52:11.261,3436.394
19 Mar 2016 09:26:38.933,19 Mar 2016 10:23:57.480,3438.547
19 Mar 2016 10:58:23.000,19 Mar 2016 11:55:43.723,3440.723
19 Mar 2016 12:30:07.064,19 Mar 2016 13:27:29.987,3442.923
19 Mar 2016 14:01:51.125,19 Mar 2016 14:59:16.275,3445.151
19 Mar 2016 15:33:35.188,19 Mar 2016 16:31:02.588,3447.401
19 Mar 2016 17:05:19.246,19 Mar 2016 18:02:48.922,3449.676
19 Mar 2016 18:37:03.307,19 Mar 2016 19:34:35.285,3451.978
19 Mar 2016 20:08:47.367,19 Mar 2016 21:06:21.668,3454.301
19 Mar 2016 21:40:31.430,19 Mar 2016 22:38:08.082,3456.652
19 Mar 2016 23:12:15.492,20 Mar 2016 00:09:54.518,3459.026
20 Mar 2016 00:43:59.553,20 Mar 2016 01:41:40.979,3461.426
20 Mar 2016 02:15:43.620,20 Mar 2016 03:13:27.470,3463.850
20 Mar 2016 03:47:27.687,20 Mar 2016 04:45:13.988,3466.301
20 Mar 2016 05:19:11.760,20 Mar 2016 06:17:00.530,3468.770
20 Mar 2016 06:50:55.831,20 Mar 2016 07:48:47.103,3471.272
20 Mar 2016 08:22:39.910,20 Mar 2016 09:20:33.704,3473.794
20 Mar 2016 09:54:23.989,20 Mar 2016 10:52:20.333,3476.344
20 Mar 2016 11:26:08.075,20 Mar 2016 12:24:06.995,3478.919
20 Mar 2016 12:57:52.165,20 Mar 2016 13:55:53.683,3481.518
20 Mar 2016 14:29:36.264,20 Mar 2016 15:27:40.402,3484.138
20 Mar 2016 16:01:20.365,20 Mar 2016 16:59:27.149,3486.784
20 Mar 2016 17:33:04.472,20 Mar 2016 18:31:13.930,3489.458
20 Mar 2016 19:04:48.590,20 Mar 2016 20:03:00.739,3492.149
20 Mar 2016 20:36:32.713,20 Mar 2016 21:34:47.584,3494.871
20 Mar 2016 22:08:16.841,20 Mar 2016 23:06:34.457,3497.616
20 Mar 2016 23:40:00.982,21 Mar 2016 00:38:21.365,3500.383
21 Mar 2016 01:11:45.130,21 Mar 2016 02:10:08.307,3503.177
21 Mar 2016 02:43:29.286,21 Mar 2016 03:41:55.281,3505.994
21 Mar 2016 04:15:13.453,21 Mar 2016 05:13:42.287,3508.833
21 Mar 2016 05:46:57.634,21 Mar 2016 06:45:29.328,3511.693
21 Mar 2016 07:18:41.822,21 Mar 2016 08:17:16.404,3514.582
21 Mar 2016 08:50:26.025,21 Mar 2016 09:49:03.515,3517.490
21 Mar 2016 10:22:10.237,21 Mar 2016 11:20:50.658,3520.421
21 Mar 2016 11:53:54.468,21 Mar 2016 12:52:37.841,3523.373
21 Mar 2016 13:25:38.704,21 Mar 2016 14:24:25.055,3526.351
21 Mar 2016 14:57:22.959,21 Mar 2016 15:56:12.310,3529.351
21 Mar 2016 16:29:07.228,21 Mar 2016 17:27:59.596,3532.368
21 Mar 2016 18:00:51.514,21 Mar 2016 18:59:46.923,3535.409
21 Mar 2016 19:32:35.813,21 Mar 2016 20:31:34.284,3538.471
21 Mar 2016 21:04:20.129,21 Mar 2016 22:03:21.684,3541.555
21 Mar 2016 22:36:04.465,21 Mar 2016 23:35:09.121,3544.656
22 Mar 2016 00:07:48.817,22 Mar 2016 01:06:56.593,3547.776
22 Mar 2016 01:39:33.186,22 Mar 2016 02:38:44.106,3550.919
22 Mar 2016 03:11:17.579,22 Mar 2016 04:10:31.658,3554.079
22 Mar 2016 04:43:01.986,22 Mar 2016 05:42:19.244,3557.258
22 Mar 2016 06:14:46.416,22 Mar 2016 07:14:06.873,3560.457
22 Mar 2016 07:46:30.868,22 Mar 2016 08:45:54.539,3563.671
22 Mar 2016 09:18:15.341,22 Mar 2016 10:17:42.244,3566.903
22 Mar 2016 10:49:59.837,22 Mar 2016 11:49:29.986,3570.149
22 Mar 2016 12:21:44.357,22 Mar 2016 13:21:17.766,3573.409
22 Mar 2016 13:53:28.901,22 Mar 2016 14:53:05.590,3576.688
22 Mar 2016 15:25:13.467,22 Mar 2016 16:24:53.446,3579.979
22 Mar 2016 16:56:58.064,22 Mar 2016 17:56:41.346,3583.283
22 Mar 2016 18:28:42.682,22 Mar 2016 19:28:29.284,3586.602
22 Mar 2016 20:00:27.332,22 Mar 2016 21:00:17.264,3589.932
22 Mar 2016 21:32:12.006,22 Mar 2016 22:32:05.279,3593.273
22 Mar 2016 23:03:56.707,23 Mar 2016 00:03:53.334,3596.627
23 Mar 2016 00:35:41.440,23 Mar 2016 01:35:41.425,3599.985
23 Mar 2016 02:07:26.203,23 Mar 2016 03:07:29.560,3603.358
23 Mar 2016 03:39:10.997,23 Mar 2016 04:39:17.728,3606.731
23 Mar 2016 05:10:55.820,23 Mar 2016 06:11:05.937,3610.117
23 Mar 2016 06:42:40.678,23 Mar 2016 07:42:54.184,3613.506
23 Mar 2016 08:14:25.571,23 Mar 2016 09:14:42.469,3616.898
23 Mar 2016 09:46:10.496,23 Mar 2016 10:46:30.790,3620.295
23 Mar 2016 11:17:55.453,23 Mar 2016 12:18:19.151,3623.699
23 Mar 2016 12:49:40.446,23 Mar 2016 13:50:07.546,3627.100
23 Mar 2016 14:21:25.476,23 Mar 2016 15:21:55.979,3630.503
23 Mar 2016 15:53:10.543,23 Mar 2016 16:53:44.444,3633.901
23 Mar 2016 17:24:55.650,23 Mar 2016 18:25:32.950,3637.301
23 Mar 2016 18:56:40.794,23 Mar 2016 19:57:21.487,3640.693
23 Mar 2016 20:28:25.975,23 Mar 2016 21:29:10.058,3644.083
23 Mar 2016 22:00:11.198,23 Mar 2016 23:00:58.661,3647.462
23 Mar 2016 23:31:56.466,24 Mar 2016 00:32:47.301,3650.835
24 Mar 2016 01:03:41.770,24 Mar 2016 02:04:35.968,3654.198
24 Mar 2016 02:35:27.115,24 Mar 2016 03:36:24.670,3657.555
24 Mar 2016 04:07:12.510,24 Mar 2016 05:08:13.404,3660.894
24 Mar 2016 05:38:57.941,24 Mar 2016 06:40:02.164,3664.224
24 Mar 2016 07:10:43.420,24 Mar 2016 08:11:50.951,3667.531
24 Mar 2016 08:42:28.943,24 Mar 2016 09:43:39.770,3670.827
24 Mar 2016 10:14:14.513,24 Mar 2016 11:15:28.614,3674.101
24 Mar 2016 11:46:00.131,24 Mar 2016 12:47:17.484,3677.353
24 Mar 2016 13:17:45.795,24 Mar 2016 14:19:06.375,3680.580
24 Mar 2016 14:49:31.507,24 Mar 2016 15:50:55.296,3683.790
24 Mar 2016 16:21:17.267,24 Mar 2016 17:22:44.233,3686.967
24 Mar 2016 17:53:03.076,24 Mar 2016 18:54:33.192,3690.116
24 Mar 2016 19:24:48.935,24 Mar 2016 20:26:22.173,3693.238
24 Mar 2016 20:56:34.844,24 Mar 2016 21:58:11.170,3696.326
24 Mar 2016 22:28:20.805,24 Mar 2016 23:30:00.184,3699.378
25 Mar 2016 00:00:06.817,25 Mar 2016 01:01:49.213,3702.396
25 Mar 2016 01:31:52.880,25 Mar 2016 02:33:38.256,3705.376
25 Mar 2016 03:03:38.995,25 Mar 2016 04:05:27.310,3708.315
25 Mar 2016 04:35:25.160,25 Mar 2016 05:37:16.376,3711.216
25 Mar 2016 06:07:11.380,25 Mar 2016 07:09:05.448,3714.067
25 Mar 2016 07:38:57.654,25 Mar 2016 08:40:54.529,3716.875
25 Mar 2016 09:10:43.981,25 Mar 2016 10:12:43.614,3719.633
25 Mar 2016 10:42:30.362,25 Mar 2016 11:44:32.704,3722.342
25 Mar 2016 12:14:16.796,25 Mar 2016 13:16:21.795,3724.999
25 Mar 2016 13:46:03.285,25 Mar 2016 14:48:10.887,3727.602
25 Mar 2016 15:17:49.829,25 Mar 2016 16:19:59.977,3730.147
25 Mar 2016 16:49:36.427,25 Mar 2016 17:51:49.057,3732.630
25 Mar 2016 18:21:23.079,25 Mar 2016 19:23:38.135,3735.056
25 Mar 2016 19:53:09.788,25 Mar 2016 20:55:27.205,3737.417
25 Mar 2016 21:24:56.547,25 Mar 2016 22:27:16.264,3739.716
25 Mar 2016 22:56:43.361,25 Mar 2016 23:59:05.310,3741.949
26 Mar 2016 00:28:30.230,26 Mar 2016 01:30:54.342,3744.112
26 Mar 2016 02:00:17.151,26 Mar 2016 03:02:43.358,3746.207
26 Mar 2016 03:32:04.128,26 Mar 2016 04:34:32.354,3748.225
26 Mar 2016 05:03:51.157,26 Mar 2016 06:06:21.330,3750.172
26 Mar 2016 06:35:38.242,26 Mar 2016 07:38:10.276,3752.034
26 Mar 2016 08:07:25.373,26 Mar 2016 09:09:59.202,3753.829
26 Mar 2016 09:39:12.558,26 Mar 2016 10:41:48.102,3755.544
26 Mar 2016 11:10:59.797,26 Mar 2016 12:13:36.966,3757.169
26 Mar 2016 12:42:47.083,26 Mar 2016 13:45:25.801,3758.718
26 Mar 2016 14:14:34.417,26 Mar 2016 15:17:14.601,3760.184
26 Mar 2016 15:46:21.801,26 Mar 2016 16:49:03.361,3761.561
26 Mar 2016 17:18:09.237,26 Mar 2016 18:20:52.086,3762.849
26 Mar 2016 18:49:56.714,26 Mar 2016 19:52:40.765,3764.051
26 Mar 2016 20:21:44.239,26 Mar 2016 21:24:29.405,3765.166
26 Mar 2016 21:53:31.809,26 Mar 2016 22:56:17.995,3766.186
26 Mar 2016 23:25:19.423,27 Mar 2016 00:28:06.539,3767.116
27 Mar 2016 00:57:07.082,27 Mar 2016 01:59:55.032,3767.950
27 Mar 2016 02:28:54.776,27 Mar 2016 03:31:43.474,3768.698
27 Mar 2016 04:00:42.512,27 Mar 2016 05:03:31.857,3769.346
27 Mar 2016 05:32:30.290,27 Mar 2016 06:35:20.190,3769.900
27 Mar 2016 07:04:18.100,27 Mar 2016 08:07:08.460,3770.360
27 Mar 2016 08:36:05.947,27 Mar 2016 09:38:56.668,3770.720
27 Mar 2016 10:07:53.829,27 Mar 2016 11:10:44.817,3770.988
27 Mar 2016 11:39:41.742,27 Mar 2016 12:42:32.902,3771.159
27 Mar 2016 13:11:29.687,27 Mar 2016 14:14:20.913,3771.227
27 Mar 2016 14:43:17.664,27 Mar 2016 15:46:08.861,3771.197
27 Mar 2016 16:15:05.659,27 Mar 2016 17:17:56.742,3771.083
27 Mar 2016 17:46:53.684,27 Mar 2016 18:49:44.548,3770.864
27 Mar 2016 19:18:41.734,27 Mar 2016 20:21:32.281,3770.546
27 Mar 2016 20:50:29.804,27 Mar 2016 21:53:19.938,3770.134
27 Mar 2016 22:22:17.889,27 Mar 2016 23:25:07.517,3769.627
27 Mar 2016 23:54:05.995,28 Mar 2016 00:56:55.022,3769.027
28 Mar 2016 01:25:54.116,28 Mar 2016 02:28:42.447,3768.332
28 Mar 2016 02:57:42.250,28 Mar 2016 04:00:29.786,3767.537
28 Mar 2016 04:29:30.399,28 Mar 2016 05:32:17.047,3766.649
28 Mar 2016 06:01:18.553,28 Mar 2016 07:04:04.225,3765.672
28 Mar 2016 07:33:06.708,28 Mar 2016 08:35:51.321,3764.613
28 Mar 2016 09:04:54.875,28 Mar 2016 10:07:38.326,3763.451
28 Mar 2016 10:36:43.043,28 Mar 2016 11:39:25.248,3762.205
28 Mar 2016 12:08:31.211,28 Mar 2016 13:11:12.085,3760.874
28 Mar 2016 13:40:19.372,28 Mar 2016 14:42:58.830,3759.458
28 Mar 2016 15:12:07.533,28 Mar 2016 16:14:45.488,3757.955
28 Mar 2016 16:43:55.687,28 Mar 2016 17:46:32.056,3756.369
28 Mar 2016 18:15:43.834,28 Mar 2016 19:18:18.529,3754.695
28 Mar 2016 19:47:31.967,28 Mar 2016 20:50:04.917,3752.951
28 Mar 2016 21:19:20.088,28 Mar 2016 22:21:51.209,3751.121
28 Mar 2016 22:51:08.197,28 Mar 2016 23:53:37.414,3749.218
29 Mar 2016 00:22:56.283,29 Mar 2016 01:25:23.524,3747.241
29 Mar 2016 01:54:44.354,29 Mar 2016 02:57:09.541,3745.187
29 Mar 2016 03:26:32.402,29 Mar 2016 04:28:55.465,3743.063
29 Mar 2016 04:58:20.421,29 Mar 2016 06:00:41.296,3740.875
29 Mar 2016 06:30:08.420,29 Mar 2016 07:32:27.033,3738.614
29 Mar 2016 08:01:56.386,29 Mar 2016 09:04:12.674,3736.288
29 Mar 2016 09:33:44.324,29 Mar 2016 10:35:58.227,3733.903
29 Mar 2016 11:05:32.230,29 Mar 2016 12:07:43.684,3731.454
29 Mar 2016 12:37:20.105,29 Mar 2016 13:39:29.044,3728.940
29 Mar 2016 14:09:07.938,29 Mar 2016 15:11:14.314,3726.376
29 Mar 2016 15:40:55.736,29 Mar 2016 16:42:59.494,3723.758
29 Mar 2016 17:12:43.499,29 Mar 2016 18:14:44.575,3721.076
29 Mar 2016 18:44:31.210,29 Mar 2016 19:46:29.567,3718.357
29 Mar 2016 20:16:18.886,29 Mar 2016 21:18:14.467,3715.581
29 Mar 2016 21:48:06.513,29 Mar 2016 22:49:59.272,3712.759
29 Mar 2016 23:19:54.096,30 Mar 2016 00:21:43.985,3709.889
30 Mar 2016 00:51:41.624,30 Mar 2016 01:53:28.608,3706.984
30 Mar 2016 02:23:29.107,30 Mar 2016 03:25:13.137,3704.030
30 Mar 2016 03:55:16.540,30 Mar 2016 04:56:57.580,3701.041
30 Mar 2016 05:27:03.915,30 Mar 2016 06:28:41.928,3698.014
30 Mar 2016 06:58:51.238,30 Mar 2016 08:00:26.192,3694.955
30 Mar 2016 08:30:38.509,30 Mar 2016 09:32:10.364,3691.855
30 Mar 2016 10:02:25.718,30 Mar 2016 11:03:54.449,3688.731
30 Mar 2016 11:34:12.866,30 Mar 2016 12:35:38.442,3685.576
30 Mar 2016 13:05:59.957,30 Mar 2016 14:07:22.350,3682.393
30 Mar 2016 14:37:46.987,30 Mar 2016 15:39:06.173,3679.186
30 Mar 2016 16:09:33.955,30 Mar 2016 17:10:49.912,3675.956
30 Mar 2016 17:41:20.863,30 Mar 2016 18:42:33.560,3672.698
30 Mar 2016 19:13:07.704,30 Mar 2016 20:14:17.129,3669.426
30 Mar 2016 20:44:54.479,30 Mar 2016 21:46:00.612,3666.133
30 Mar 2016 22:16:41.190,30 Mar 2016 23:17:44.012,3662.822
30 Mar 2016 23:48:27.832,31 Mar 2016 00:49:27.329,3659.497
31 Mar 2016 01:20:14.403,31 Mar 2016 02:21:10.562,3656.159
31 Mar 2016 02:52:00.905,31 Mar 2016 03:52:53.717,3652.811
31 Mar 2016 04:23:47.341,31 Mar 2016 05:24:36.794,3649.453
31 Mar 2016 05:55:33.706,31 Mar 2016 06:56:19.789,3646.083
31 Mar 2016 07:27:20.003,31 Mar 2016 08:28:02.705,3642.702
31 Mar 2016 08:59:06.226,31 Mar 2016 09:59:45.543,3639.317
31 Mar 2016 10:30:52.373,31 Mar 2016 11:31:28.307,3635.934
31 Mar 2016 12:02:38.454,31 Mar 2016 13:03:10.991,3632.537
31 Mar 2016 13:34:24.460,31 Mar 2016 14:34:53.601,3629.141
31 Mar 2016 15:06:10.389,31 Mar 2016 16:06:36.139,3625.750
31 Mar 2016 16:37:56.243,31 Mar 2016 17:38:18.601,3622.358
31 Mar 2016 18:09:42.025,31 Mar 2016 19:10:00.987,3618.962
31 Mar 2016 19:41:27.733,31 Mar 2016 20:41:43.306,3615.573
31 Mar 2016 21:13:13.366,31 Mar 2016 22:13:25.551,3612.186
31 Mar 2016 22:44:58.925,31 Mar 2016 23:45:07.727,3608.802
1 Apr 2016 00:16:44.407,1 Apr 2016 01:16:49.828,3605.421
1 Apr 2016 01:48:29.813,1 Apr 2016 02:48:31.864,3602.052
1 Apr 2016 03:20:15.143,1 Apr 2016 04:20:13.830,3598.687
1 Apr 2016 04:52:00.393,1 Apr 2016 05:51:55.733,3595.339
1 Apr 2016 06:23:45.573,1 Apr 2016 07:23:37.565,3591.992
1 Apr 2016 07:55:30.675,1 Apr 2016 08:55:19.333,3588.658
1 Apr 2016 09:27:15.696,1 Apr 2016 10:27:01.031,3585.335
1 Apr 2016 10:59:00.644,1 Apr 2016 11:58:42.668,3582.023
1 Apr 2016 12:30:45.516,1 Apr 2016 13:30:24.243,3578.727
1 Apr 2016 14:02:30.314,1 Apr 2016 15:02:05.753,3575.439
1 Apr 2016 15:34:15.034,1 Apr 2016 16:33:47.201,3572.167
1 Apr 2016 17:05:59.674,1 Apr 2016 18:05:28.587,3568.913
1 Apr 2016 18:37:44.245,1 Apr 2016 19:37:09.913,3565.668
1 Apr 2016 20:09:28.735,1 Apr 2016 21:08:51.177,3562.442
1 Apr 2016 21:41:13.148,1 Apr 2016 22:40:32.383,3559.234
1 Apr 2016 23:12:57.489,2 Apr 2016 00:12:13.527,3556.039
2 Apr 2016 00:44:41.748,2 Apr 2016 01:43:54.616,3552.868
2 Apr 2016 02:16:25.936,2 Apr 2016 03:15:35.647,3549.711
2 Apr 2016 03:48:10.049,2 Apr 2016 04:47:16.624,3546.575
2 Apr 2016 05:19:54.089,2 Apr 2016 06:18:57.543,3543.454
2 Apr 2016 06:51:38.053,2 Apr 2016 07:50:38.406,3540.353
2 Apr 2016 08:23:21.941,2 Apr 2016 09:22:19.214,3537.273
2 Apr 2016 09:55:05.756,2 Apr 2016 10:53:59.969,3534.212
2 Apr 2016 11:26:49.493,2 Apr 2016 12:25:40.669,3531.177
2 Apr 2016 12:58:33.163,2 Apr 2016 13:57:21.317,3528.154
2 Apr 2016 14:30:16.753,2 Apr 2016 15:29:01.913,3525.160
2 Apr 2016 16:02:00.273,2 Apr 2016 17:00:42.457,3522.184
2 Apr 2016 17:33:43.720,2 Apr 2016 18:32:22.947,3519.227
2 Apr 2016 19:05:27.096,2 Apr 2016 20:04:03.390,3516.294
2 Apr 2016 20:37:10.401,2 Apr 2016 21:35:43.785,3513.383
2 Apr 2016 22:08:53.633,2 Apr 2016 23:07:24.128,3510.495
2 Apr 2016 23:40:36.795,3 Apr 2016 00:39:04.422,3507.627
3 Apr 2016 01:12:19.880,3 Apr 2016 02:10:44.669,3504.789
3 Apr 2016 02:44:02.902,3 Apr 2016 03:42:24.867,3501.965
3 Apr 2016 04:15:45.851,3 Apr 2016 05:14:05.019,3499.168
3 Apr 2016 05:47:28.725,3 Apr 2016 06:45:45.124,3496.399
3 Apr 2016 07:19:11.537,3 Apr 2016 08:17:25.181,3493.644
3 Apr 2016 08:50:54.275,3 Apr 2016 09:49:05.197,3490.921
3 Apr 2016 10:22:36.949,3 Apr 2016 11:20:45.162,3488.214
3 Apr 2016 11:54:19.552,3 Apr 2016 12:52:25.087,3485.534
3 Apr 2016 13:26:02.085,3 Apr 2016 14:24:04.969,3482.884
3 Apr 2016 14:57:44.553,3 Apr 2016 15:55:44.805,3480.253
3 Apr 2016 16:29:26.954,3 Apr 2016 17:27:24.599,3477.645
3 Apr 2016 18:01:09.293,3 Apr 2016 18:59:04.350,3475.057
3 Apr 2016 19:32:51.561,3 Apr 2016 20:30:44.059,3472.498
3 Apr 2016 21:04:33.760,3 Apr 2016 22:02:23.726,3469.966
3 Apr 2016 22:36:15.900,3 Apr 2016 23:34:03.350,3467.450
4 Apr 2016 00:07:57.973,4 Apr 2016 01:05:42.935,3464.961
4 Apr 2016 01:39:39.981,4 Apr 2016 02:37:22.480,3462.498
4 Apr 2016 03:11:21.926,4 Apr 2016 04:09:01.985,3460.059
4 Apr 2016 04:43:03.803,4 Apr 2016 05:40:41.451,3457.647
4 Apr 2016 06:14:45.624,4 Apr 2016 07:12:20.877,3455.253
4 Apr 2016 07:46:27.376,4 Apr 2016 08:44:00.268,3452.892
4 Apr 2016 09:18:09.069,4 Apr 2016 10:15:39.618,3450.549
4 Apr 2016 10:49:50.702,4 Apr 2016 11:47:18.930,3448.228
4 Apr 2016 12:21:32.269,4 Apr 2016 13:18:58.205,3445.936
4 Apr 2016 13:53:13.778,4 Apr 2016 14:50:37.443,3443.665
4 Apr 2016 15:24:55.228,4 Apr 2016 16:22:16.642,3441.413
4 Apr 2016 16:56:36.617,4 Apr 2016 17:53:55.807,3439.189
4 Apr 2016 18:28:17.942,4 Apr 2016 19:25:34.936,3436.993
4 Apr 2016 19:59:59.211,4 Apr 2016 20:57:14.030,3434.818
4 Apr 2016 21:31:40.425,4 Apr 2016 22:28:53.088,3432.663
4 Apr 2016 23:03:21.574,5 Apr 2016 00:00:32.112,3430.538
5 Apr 2016 00:35:02.668,5 Apr 2016 01:32:11.102,3428.434
5 Apr 2016 02:06:43.704,5 Apr 2016 03:03:50.057,3426.353
5 Apr 2016 03:38:24.684,5 Apr 2016 04:35:28.979,3424.295
5 Apr 2016 05:10:05.607,5 Apr 2016 06:07:07.867,3422.261
5 Apr 2016 06:41:46.476,5 Apr 2016 07:38:46.722,3420.247
5 Apr 2016 08:13:27.286,5 Apr 2016 09:10:25.545,3418.259
5 Apr 2016 09:45:08.043,5 Apr 2016 10:42:04.335,3416.293
5 Apr 2016 11:16:48.740,5 Apr 2016 12:13:43.093,3414.353
5 Apr 2016 12:48:29.388,5 Apr 2016 13:45:21.820,3412.432
5 Apr 2016 14:20:09.979,5 Apr 2016 15:17:00.515,3410.536
5 Apr 2016 15:51:50.514,5 Apr 2016 16:48:39.179,3408.665
5 Apr 2016 17:23:31.000,5 Apr 2016 18:20:17.812,3406.812
5 Apr 2016 18:55:11.430,5 Apr 2016 19:51:56.415,3404.985
5 Apr 2016 20:26:51.809,5 Apr 2016 21:23:34.987,3403.178
5 Apr 2016 21:58:32.136,5 Apr 2016 22:55:13.530,3401.394
5 Apr 2016 23:30:12.413,6 Apr 2016 00:26:52.042,3399.630
6 Apr 2016 01:01:52.636,6 Apr 2016 01:58:30.526,3397.890
6 Apr 2016 02:33:32.809,6 Apr 2016 03:30:08.983,3396.175
6 Apr 2016 04:05:12.931,6 Apr 2016 05:01:47.406,3394.475
6 Apr 2016 05:36:53.002,6 Apr 2016 06:33:25.803,3392.801
6 Apr 2016 07:08:33.024,6 Apr 2016 08:05:04.172,3391.148
6 Apr 2016 08:40:12.995,6 Apr 2016 09:36:42.513,3389.518
6 Apr 2016 10:11:52.917,6 Apr 2016 11:08:20.826,3387.909
6 Apr 2016 11:43:32.791,6 Apr 2016 12:39:59.112,3386.321
6 Apr 2016 13:15:12.617,6 Apr 2016 14:11:37.371,3384.753
6 Apr 2016 14:46:52.395,6 Apr 2016 15:43:15.602,3383.207
6 Apr 2016 16:18:32.126,6 Apr 2016 17:14:53.807,3381.681
6 Apr 2016 17:50:11.811,6 Apr 2016 18:46:31.986,3380.174
6 Apr 2016 19:21:51.448,6 Apr 2016 20:18:10.138,3378.691
6 Apr 2016 20:53:31.037,6 Apr 2016 21:49:48.267,3377.230
6 Apr 2016 22:25:10.579,6 Apr 2016 23:21:26.365,3375.786
6 Apr 2016 23:56:50.076,7 Apr 2016 00:53:04.441,3374.364
7 Apr 2016 01:28:29.530,7 Apr 2016 02:24:42.491,3372.960
7 Apr 2016 03:00:08.938,7 Apr 2016 03:56:20.516,3371.578
7 Apr 2016 04:31:48.297,7 Apr 2016 05:27:58.516,3370.219
7 Apr 2016 06:03:27.615,7 Apr 2016 06:59:36.492,3368.877
7 Apr 2016 07:35:06.888,7 Apr 2016 08:31:14.444,3367.555
7 Apr 2016 09:06:46.118,7 Apr 2016 10:02:52.371,3366.253
7 Apr 2016 10:38:25.304,7 Apr 2016 11:34:30.275,3364.970
7 Apr 2016 12:10:04.450,7 Apr 2016 13:06:08.155,3363.705
7 Apr 2016 13:41:43.550,7 Apr 2016 14:37:46.014,3362.464
7 Apr 2016 15:13:22.608,7 Apr 2016 16:09:23.845,3361.237
7 Apr 2016 16:45:01.623,7 Apr 2016 17:41:01.655,3360.032
7 Apr 2016 18:16:40.597,7 Apr 2016 19:12:39.443,3358.846
7 Apr 2016 19:48:19.529,7 Apr 2016 20:44:17.208,3357.679
7 Apr 2016 21:19:58.417,7 Apr 2016 22:15:54.951,3356.534
7 Apr 2016 22:51:37.267,7 Apr 2016 23:47:32.671,3355.404
8 Apr 2016 00:23:16.076,8 Apr 2016 01:19:10.370,3354.294
8 Apr 2016 01:54:54.845,8 Apr 2016 02:50:48.047,3353.202
8 Apr 2016 03:26:33.574,8 Apr 2016 04:22:25.703,3352.128
8 Apr 2016 04:58:12.264,8 Apr 2016 05:54:03.337,3351.073
8 Apr 2016 06:29:50.916,8 Apr 2016 07:25:40.950,3350.034
8 Apr 2016 08:01:29.527,8 Apr 2016 08:57:18.547,3349.021
8 Apr 2016 09:33:08.099,8 Apr 2016 10:28:56.114,3348.015
8 Apr 2016 11:04:46.630,8 Apr 2016 12:00:33.665,3347.035
8 Apr 2016 12:36:25.127,8 Apr 2016 13:32:11.195,3346.068
8 Apr 2016 14:08:03.582,8 Apr 2016 15:03:48.706,3345.124
8 Apr 2016 15:39:42.001,8 Apr 2016 16:35:26.196,3344.195
8 Apr 2016 17:11:20.383,8 Apr 2016 18:07:03.667,3343.284
8 Apr 2016 18:42:58.728,8 Apr 2016 19:38:41.118,3342.390
8 Apr 2016 20:14:37.036,8 Apr 2016 21:10:18.550,3341.514
8 Apr 2016 21:46:15.308,8 Apr 2016 22:41:55.963,3340.655
8 Apr 2016 23:17:53.543,9 Apr 2016 00:13:33.359,3339.816
9 Apr 2016 00:49:31.743,9 Apr 2016 01:45:10.731,3338.989
9 Apr 2016 02:21:09.906,9 Apr 2016 03:16:48.088,3338.181
9 Apr 2016 03:52:48.034,9 Apr 2016 04:48:25.425,3337.391
9 Apr 2016 05:24:26.129,9 Apr 2016 06:20:02.745,3336.616
9 Apr 2016 06:56:04.190,9 Apr 2016 07:51:40.046,3335.857
9 Apr 2016 08:27:42.208,9 Apr 2016 09:23:17.330,3335.122
9 Apr 2016 09:59:20.197,9 Apr 2016 10:54:54.596,3334.399
9 Apr 2016 11:30:58.151,9 Apr 2016 12:26:31.844,3333.693
9 Apr 2016 13:02:36.072,9 Apr 2016 13:58:09.075,3333.003
9 Apr 2016 14:34:13.959,9 Apr 2016 15:29:46.289,3332.330
9 Apr 2016 16:05:51.813,9 Apr 2016 17:01:23.485,3331.673
9 Apr 2016 17:37:29.633,9 Apr 2016 18:33:00.665,3331.032
9 Apr 2016 19:09:07.421,9 Apr 2016 20:04:37.828,3330.408
9 Apr 2016 20:40:45.176,9 Apr 2016 21:36:14.975,3329.799
9 Apr 2016 22:12:22.901,9 Apr 2016 23:07:52.105,3329.205
9 Apr 2016 23:44:00.591,10 Apr 2016 00:39:29.225,3328.633
10 Apr 2016 01:15:38.247,10 Apr 2016 02:11:06.318,3328.071
10 Apr 2016 02:47:15.879,10 Apr 2016 03:42:43.401,3327.522
10 Apr 2016 04:18:53.469,10 Apr 2016 05:14:20.468,3326.998
10 Apr 2016 05:50:31.033,10 Apr 2016 06:45:57.519,3326.486
10 Apr 2016 07:22:08.566,10 Apr 2016 08:17:34.555,3325.989
10 Apr 2016 08:53:46.069,10 Apr 2016 09:49:11.581,3325.512
10 Apr 2016 10:25:23.541,10 Apr 2016 11:20:48.585,3325.044
10 Apr 2016 11:57:00.983,10 Apr 2016 12:52:25.578,3324.595
10 Apr 2016 13:28:38.394,10 Apr 2016 14:24:02.551,3324.156
10 Apr 2016 15:00:15.776,10 Apr 2016 15:55:39.518,3323.741
10 Apr 2016 16:31:53.129,10 Apr 2016 17:27:16.466,3323.337
10 Apr 2016 18:03:30.452,10 Apr 2016 18:58:53.400,3322.948
10 Apr 2016 19:35:07.746,10 Apr 2016 20:30:30.319,3322.574
10 Apr 2016 21:06:45.011,10 Apr 2016 22:02:07.226,3322.215
10 Apr 2016 22:38:22.252,10 Apr 2016 23:33:44.118,3321.866
11 Apr 2016 00:09:59.461,11 Apr 2016 01:05:20.995,3321.534
11 Apr 2016 01:41:36.635,11 Apr 2016 02:36:57.865,3321.230
11 Apr 2016 03:13:13.792,11 Apr 2016 04:08:34.716,3320.923
11 Apr 2016 04:44:50.912,11 Apr 2016 05:40:11.554,3320.642
11 Apr 2016 06:16:28.013,11 Apr 2016 07:11:48.381,3320.368
11 Apr 2016 07:48:05.082,11 Apr 2016 08:43:25.196,3320.113
11 Apr 2016 09:19:42.120,11 Apr 2016 10:15:01.998,3319.879
11 Apr 2016 10:51:19.137,11 Apr 2016 11:46:38.792,3319.654
11 Apr 2016 12:22:56.126,11 Apr 2016 13:18:15.572,3319.446
11 Apr 2016 13:54:33.088,11 Apr 2016 14:49:52.335,3319.246
11 Apr 2016 15:26:10.024,11 Apr 2016 16:21:29.093,3319.068
11 Apr 2016 16:57:46.935,11 Apr 2016 17:53:05.831,3318.896
11 Apr 2016 18:29:23.820,11 Apr 2016 19:24:42.563,3318.743
11 Apr 2016 20:01:00.675,11 Apr 2016 20:56:19.288,3318.612
11 Apr 2016 21:32:37.512,11 Apr 2016 22:27:55.997,3318.485
11 Apr 2016 23:04:14.321,11 Apr 2016 23:59:32.691,3318.370
12 Apr 2016 00:35:51.101,12 Apr 2016 01:31:09.381,3318.280
12 Apr 2016 02:07:27.859,12 Apr 2016 03:02:46.056,3318.197
12 Apr 2016 03:39:04.598,12 Apr 2016 04:34:22.724,3318.126
12 Apr 2016 05:10:41.305,12 Apr 2016 06:05:59.380,3318.076
12 Apr 2016 06:42:17.994,12 Apr 2016 07:37:36.030,3318.036
12 Apr 2016 08:13:54.656,12 Apr 2016 09:09:12.662,3318.007
12 Apr 2016 09:45:31.289,12 Apr 2016 10:40:49.289,3318.000
12 Apr 2016 11:17:07.909,12 Apr 2016 12:12:25.906,3317.997
12 Apr 2016 12:48:44.497,12 Apr 2016 13:44:02.518,3318.021
12 Apr 2016 14:20:21.068,12 Apr 2016 15:15:39.117,3318.048
12 Apr 2016 15:51:57.613,12 Apr 2016 16:47:15.706,3318.093
12 Apr 2016 17:23:34.138,12 Apr 2016 18:18:52.282,3318.144
12 Apr 2016 18:55:10.634,12 Apr 2016 19:50:28.858,3318.224
12 Apr 2016 20:26:47.117,12 Apr 2016 21:22:05.421,3318.304
12 Apr 2016 21:58:23.574,12 Apr 2016 22:53:41.973,3318.399
12 Apr 2016 23:30:00.005,13 Apr 2016 00:25:18.524,3318.518
13 Apr 2016 01:01:36.419,13 Apr 2016 01:56:55.058,3318.640
13 Apr 2016 02:33:12.809,13 Apr 2016 03:28:31.589,3318.781
13 Apr 2016 04:04:49.184,13 Apr 2016 05:00:08.116,3318.932
13 Apr 2016 05:36:25.534,13 Apr 2016 06:31:44.628,3319.094
13 Apr 2016 07:08:01.863,13 Apr 2016 08:03:21.137,3319.274
13 Apr 2016 08:39:38.172,13 Apr 2016 09:34:57.638,3319.466
13 Apr 2016 10:11:14.460,13 Apr 2016 11:06:34.134,3319.675
13 Apr 2016 11:42:50.723,13 Apr 2016 12:38:10.619,3319.896
13 Apr 2016 13:14:26.971,13 Apr 2016 14:09:47.100,3320.129
13 Apr 2016 14:46:03.200,13 Apr 2016 15:41:23.579,3320.379
13 Apr 2016 16:17:39.412,13 Apr 2016 17:13:00.046,3320.635
13 Apr 2016 17:49:15.598,13 Apr 2016 18:44:36.508,3320.910
13 Apr 2016 19:20:51.774,13 Apr 2016 20:16:12.959,3321.185
13 Apr 2016 20:52:27.921,13 Apr 2016 21:47:49.413,3321.493
13 Apr 2016 22:24:04.059,13 Apr 2016 23:19:25.857,3321.799
13 Apr 2016 23:55:40.169,14 Apr 2016 00:51:02.296,3322.127
14 Apr 2016 01:27:16.265,14 Apr 2016 02:22:38.724,3322.459
14 Apr 2016 02:58:52.344,14 Apr 2016 03:54:15.155,3322.811
14 Apr 2016 04:30:28.404,14 Apr 2016 05:25:51.579,3323.175
14 Apr 2016 06:02:04.447,14 Apr 2016 06:57:27.994,3323.546
14 Apr 2016 07:33:40.473,14 Apr 2016 08:29:04.412,3323.939
14 Apr 2016 09:05:16.482,14 Apr 2016 10:00:40.817,3324.335
14 Apr 2016 10:36:52.477,14 Apr 2016 11:32:17.221,3324.744
14 Apr 2016 12:08:28.453,14 Apr 2016 13:03:53.622,3325.169
14 Apr 2016 13:40:04.411,14 Apr 2016 14:35:30.019,3325.608
14 Apr 2016 15:11:40.348,14 Apr 2016 16:07:06.412,3326.064
14 Apr 2016 16:43:16.274,14 Apr 2016 17:38:42.801,3326.528
14 Apr 2016 18:14:52.184,14 Apr 2016 19:10:19.187,3327.004
14 Apr 2016 19:46:28.078,14 Apr 2016 20:41:55.570,3327.492
14 Apr 2016 21:18:03.957,14 Apr 2016 22:13:31.950,3327.993
14 Apr 2016 22:49:39.820,14 Apr 2016 23:45:08.326,3328.506
15 Apr 2016 00:21:15.669,15 Apr 2016 01:16:44.700,3329.031
15 Apr 2016 01:52:51.503,15 Apr 2016 02:48:21.071,3329.569
15 Apr 2016 03:24:27.323,15 Apr 2016 04:19:57.440,3330.117
15 Apr 2016 04:56:03.126,15 Apr 2016 05:51:33.807,3330.680
15 Apr 2016 06:27:38.917,15 Apr 2016 07:23:10.171,3331.254
15 Apr 2016 07:59:14.694,15 Apr 2016 08:54:46.534,3331.840
15 Apr 2016 09:30:50.456,15 Apr 2016 10:26:22.895,3332.438
15 Apr 2016 11:02:26.206,15 Apr 2016 11:57:59.254,3333.048
15 Apr 2016 12:34:01.942,15 Apr 2016 13:29:35.612,3333.670
15 Apr 2016 14:05:37.665,15 Apr 2016 15:01:11.968,3334.303
15 Apr 2016 15:37:13.375,15 Apr 2016 16:32:48.326,3334.951
15 Apr 2016 17:08:49.073,15 Apr 2016 18:04:24.678,3335.605
15 Apr 2016 18:40:24.758,15 Apr 2016 19:36:01.032,3336.274
15 Apr 2016 20:12:00.431,15 Apr 2016 21:07:37.385,3336.954
15 Apr 2016 21:43:36.095,15 Apr 2016 22:39:13.737,3337.642
15 Apr 2016 23:15:11.741,16 Apr 2016 00:10:50.090,3338.348
16 Apr 2016 00:46:47.379,16 Apr 2016 01:42:26.442,3339.063
16 Apr 2016 02:18:23.006,16 Apr 2016 03:14:02.794,3339.788
16 Apr 2016 03:49:58.621,16 Apr 2016 04:45:39.146,3340.525
16 Apr 2016 05:21:34.226,16 Apr 2016 06:17:15.499,3341.273
16 Apr 2016 06:53:09.821,16 Apr 2016 07:48:51.852,3342.032
16 Apr 2016 08:24:45.405,16 Apr 2016 09:20:28.209,3342.804
16 Apr 2016 09:56:20.981,16 Apr 2016 10:52:04.561,3343.580
16 Apr 2016 11:27:56.544,16 Apr 2016 12:23:40.917,3344.372
16 Apr 2016 12:59:32.099,16 Apr 2016 13:55:17.273,3345.175
16 Apr 2016 14:31:07.641,16 Apr 2016 15:26:53.631,3345.990
16 Apr 2016 16:02:43.177,16 Apr 2016 16:58:29.991,3346.814
16 Apr 2016 17:34:18.703,16 Apr 2016 18:30:06.352,3347.648
16 Apr 2016 19:05:54.221,16 Apr 2016 20:01:42.714,3348.493
16 Apr 2016 20:37:29.731,16 Apr 2016 21:33:19.079,3349.348
16 Apr 2016 22:09:05.232,16 Apr 2016 23:04:55.445,3350.213
16 Apr 2016 23:40:40.725,17 Apr 2016 00:36:31.814,3351.088
17 Apr 2016 01:12:16.211,17 Apr 2016 02:08:08.184,3351.974
17 Apr 2016 02:43:51.691,17 Apr 2016 03:39:44.558,3352.866
17 Apr 2016 04:15:27.162,17 Apr 2016 05:11:20.933,3353.771
17 Apr 2016 05:47:02.625,17 Apr 2016 06:42:57.311,3354.686
17 Apr 2016 07:18:38.082,17 Apr 2016 08:14:33.692,3355.610
17 Apr 2016 08:50:13.530,17 Apr 2016 09:46:10.076,3356.547
17 Apr 2016 10:21:48.977,17 Apr 2016 11:17:46.463,3357.486
17 Apr 2016 11:53:24.411,17 Apr 2016 12:49:22.853,3358.442
17 Apr 2016 13:24:59.843,17 Apr 2016 14:20:59.247,3359.403
17 Apr 2016 14:56:35.270,17 Apr 2016 15:52:35.643,3360.374
17 Apr 2016 16:28:10.691,17 Apr 2016 17:24:12.043,3361.353
17 Apr 2016 17:59:46.109,17 Apr 2016 18:55:48.447,3362.338
17 Apr 2016 19:31:21.520,17 Apr 2016 20:27:24.854,3363.335
17 Apr 2016 21:02:56.926,17 Apr 2016 21:59:01.266,3364.339
17 Apr 2016 22:34:32.328,17 Apr 2016 23:30:37.681,3365.352
18 Apr 2016 00:06:07.726,18 Apr 2016 01:02:14.099,3366.374
18 Apr 2016 01:37:43.120,18 Apr 2016 02:33:50.522,3367.403
18 Apr 2016 03:09:18.507,18 Apr 2016 04:05:26.950,3368.442
18 Apr 2016 04:40:53.894,18 Apr 2016 05:37:03.381,3369.487
18 Apr 2016 06:12:29.278,18 Apr 2016 07:08:39.817,3370.539
18 Apr 2016 07:44:04.658,18 Apr 2016 08:40:16.257,3371.598
18 Apr 2016 09:15:40.036,18 Apr 2016 10:11:52.701,3372.665
18 Apr 2016 10:47:15.414,18 Apr 2016 11:43:29.150,3373.736
18 Apr 2016 12:18:50.787,18 Apr 2016 13:15:05.603,3374.816
18 Apr 2016 13:50:26.159,18 Apr 2016 14:46:42.062,3375.904
18 Apr 2016 15:22:01.529,18 Apr 2016 16:18:18.524,3376.995
18 Apr 2016 16:53:36.895,18 Apr 2016 17:49:54.992,3378.097
18 Apr 2016 18:25:12.262,18 Apr 2016 19:21:31.464,3379.202
18 Apr 2016 19:56:47.629,18 Apr 2016 20:53:07.941,3380.312
18 Apr 2016 21:28:22.994,18 Apr 2016 22:24:44.423,3381.428
18 Apr 2016 22:59:58.356,18 Apr 2016 23:56:20.909,3382.553
19 Apr 2016 00:31:33.720,19 Apr 2016 01:27:57.401,3383.681
19 Apr 2016 02:03:09.084,19 Apr 2016 02:59:33.897,3384.813
19 Apr 2016 03:34:44.449,19 Apr 2016 04:31:10.398,3385.950
19 Apr 2016 05:06:19.816,19 Apr 2016 06:02:46.904,3387.089
19 Apr 2016 06:37:55.181,19 Apr 2016 07:34:23.415,3388.234
19 Apr 2016 08:09:30.548,19 Apr 2016 09:05:59.931,3389.383
19 Apr 2016 09:41:05.915,19 Apr 2016 10:37:36.451,3390.537
19 Apr 2016 11:12:41.283,19 Apr 2016 12:09:12.977,3391.693
19 Apr 2016 12:44:16.651,19 Apr 2016 13:40:49.507,3392.856
19 Apr 2016 14:15:52.023,19 Apr 2016 15:12:26.042,3394.019
19 Apr 2016 15:47:27.396,19 Apr 2016 16:44:02.581,3395.185
19 Apr 2016 17:19:02.772,19 Apr 2016 18:15:39.125,3396.353
19 Apr 2016 18:50:38.150,19 Apr 2016 19:47:15.674,3397.523
19 Apr 2016 20:22:13.532,19 Apr 2016 21:18:52.227,3398.695
19 Apr 2016 21:53:48.918,19 Apr 2016 22:50:28.784,3399.866
19 Apr 2016 23:25:24.305,20 Apr 2016 00:22:05.346,3401.041
20 Apr 2016 00:56:59.695,20 Apr 2016 01:53:41.911,3402.217
20 Apr 2016 02:28:35.088,20 Apr 2016 03:25:18.481,3403.393
20 Apr 2016 04:00:10.486,20 Apr 2016 04:56:55.055,3404.570
20 Apr 2016 05:31:45.887,20 Apr 2016 06:28:31.633,3405.747
20 Apr 2016 07:03:21.289,20 Apr 2016 08:00:08.215,3406.926
20 Apr 2016 08:34:56.701,20 Apr 2016 09:31:44.800,3408.100
20 Apr 2016 10:06:32.111,20 Apr 2016 11:03:21.391,3409.280
20 Apr 2016 11:38:07.529,20 Apr 2016 12:34:57.983,3410.454
20 Apr 2016 13:09:42.952,20 Apr 2016 14:06:34.578,3411.626
20 Apr 2016 14:41:18.380,20 Apr 2016 15:38:11.176,3412.796
20 Apr 2016 16:12:53.815,20 Apr 2016 17:09:47.774,3413.959
20 Apr 2016 17:44:29.253,20 Apr 2016 18:41:24.377,3415.125
20 Apr 2016 19:16:04.696,20 Apr 2016 20:13:00.984,3416.287
20 Apr 2016 20:47:40.145,20 Apr 2016 21:44:37.591,3417.445
20 Apr 2016 22:19:15.597,20 Apr 2016 23:16:14.200,3418.603
20 Apr 2016 23:50:51.060,21 Apr 2016 00:47:50.812,3419.752
21 Apr 2016 01:22:26.526,21 Apr 2016 02:19:27.424,3420.898
21 Apr 2016 02:54:01.998,21 Apr 2016 03:51:04.041,3422.043
21 Apr 2016 04:25:37.473,21 Apr 2016 05:22:40.655,3423.182
21 Apr 2016 05:57:12.958,21 Apr 2016 06:54:17.271,3424.313
21 Apr 2016 07:28:48.449,21 Apr 2016 08:25:53.886,3425.438
21 Apr 2016 09:00:23.946,21 Apr 2016 09:57:30.502,3426.556
21 Apr 2016 10:31:59.452,21 Apr 2016 11:29:07.115,3427.663
21 Apr 2016 12:03:34.963,21 Apr 2016 13:00:43.730,3428.767
21 Apr 2016 13:35:10.478,21 Apr 2016 14:32:20.344,3429.866
21 Apr 2016 15:06:46.004,21 Apr 2016 16:03:56.957,3430.953
21 Apr 2016 16:38:21.535,21 Apr 2016 17:35:33.568,3432.033
21 Apr 2016 18:09:57.072,21 Apr 2016 19:07:10.177,3433.105
21 Apr 2016 19:41:32.617,21 Apr 2016 20:38:46.786,3434.169
21 Apr 2016 21:13:08.165,21 Apr 2016 22:10:23.390,3435.225
21 Apr 2016 22:44:43.726,21 Apr 2016 23:41:59.991,3436.265
22 Apr 2016 00:16:19.288,22 Apr 2016 01:13:36.588,3437.300
22 Apr 2016 01:47:54.860,22 Apr 2016 02:45:13.182,3438.322
22 Apr 2016 03:19:30.442,22 Apr 2016 04:16:49.771,3439.329
22 Apr 2016 04:51:06.028,22 Apr 2016 05:48:26.353,3440.325
22 Apr 2016 06:22:41.619,22 Apr 2016 07:20:02.932,3441.312
22 Apr 2016 07:54:17.218,22 Apr 2016 08:51:39.505,3442.287
22 Apr 2016 09:25:52.824,22 Apr 2016 10:23:16.072,3443.248
22 Apr 2016 10:57:28.437,22 Apr 2016 11:54:52.633,3444.195
22 Apr 2016 12:29:04.061,22 Apr 2016 13:26:29.188,3445.128
22 Apr 2016 14:00:39.687,22 Apr 2016 14:58:05.734,3446.047
22 Apr 2016 15:32:15.320,22 Apr 2016 16:29:42.271,3446.952
22 Apr 2016 17:03:50.958,22 Apr 2016 18:01:18.800,3447.842
22 Apr 2016 18:35:26.602,22 Apr 2016 19:32:55.320,3448.718
22 Apr 2016 20:07:02.253,22 Apr 2016 21:04:31.830,3449.576
22 Apr 2016 21:38:37.913,22 Apr 2016 22:36:08.329,3450.416
22 Apr 2016 23:10:13.577,23 Apr 2016 00:07:44.816,3451.239
23 Apr 2016 00:41:49.244,23 Apr 2016 01:39:21.293,3452.049
23 Apr 2016 02:13:24.918,23 Apr 2016 03:10:57.759,3452.841
23 Apr 2016 03:45:00.598,23 Apr 2016 04:42:34.212,3453.614
23 Apr 2016 05:16:36.283,23 Apr 2016 06:14:10.652,3454.369
23 Apr 2016 06:48:11.973,23 Apr 2016 07:45:47.081,3455.107
23 Apr 2016 08:19:47.671,23 Apr 2016 09:17:23.492,3455.821
23 Apr 2016 09:51:23.370,23 Apr 2016 10:48:59.889,3456.520
23 Apr 2016 11:22:59.070,23 Apr 2016 12:20:36.271,3457.201
23 Apr 2016 12:54:34.777,23 Apr 2016 13:52:12.636,3457.859
23 Apr 2016 14:26:10.488,23 Apr 2016 15:23:48.985,3458.497
23 Apr 2016 15:57:46.204,23 Apr 2016 16:55:25.316,3459.112
23 Apr 2016 17:29:21.921,23 Apr 2016 18:27:01.627,3459.706
23 Apr 2016 19:00:57.641,23 Apr 2016 19:58:37.922,3460.281
23 Apr 2016 20:32:33.360,23 Apr 2016 21:30:14.197,3460.837
23 Apr 2016 22:04:09.087,23 Apr 2016 23:01:50.453,3461.366
23 Apr 2016 23:35:44.813,24 Apr 2016 00:33:26.690,3461.877
24 Apr 2016 01:07:20.536,24 Apr 2016 02:05:02.904,3462.368
24 Apr 2016 02:38:56.264,24 Apr 2016 03:36:39.095,3462.832
24 Apr 2016 04:10:31.995,24 Apr 2016 05:08:15.265,3463.270
24 Apr 2016 05:42:07.723,24 Apr 2016 06:39:51.411,3463.687
24 Apr 2016 07:13:43.448,24 Apr 2016 08:11:27.533,3464.085
24 Apr 2016 08:45:19.178,24 Apr 2016 09:43:03.630,3464.453
24 Apr 2016 10:16:54.903,24 Apr 2016 11:14:39.703,3464.799
24 Apr 2016 11:48:30.629,24 Apr 2016 12:46:15.747,3465.118
24 Apr 2016 13:20:06.350,24 Apr 2016 14:17:51.770,3465.421
24 Apr 2016 14:51:42.066,24 Apr 2016 15:49:27.759,3465.693
24 Apr 2016 16:23:17.786,24 Apr 2016 17:21:03.725,3465.939
24 Apr 2016 17:54:53.495,24 Apr 2016 18:52:39.663,3466.168
24 Apr 2016 19:26:29.203,24 Apr 2016 20:24:15.571,3466.367
24 Apr 2016 20:58:04.907,24 Apr 2016 21:55:51.448,3466.541
24 Apr 2016 22:29:40.606,24 Apr 2016 23:27:27.295,3466.689
25 Apr 2016 00:01:16.298,25 Apr 2016 00:59:03.111,3466.813
25 Apr 2016 01:32:51.985,25 Apr 2016 02:30:38.895,3466.910
25 Apr 2016 03:04:27.667,25 Apr 2016 04:02:14.647,3466.980
25 Apr 2016 04:36:03.338,25 Apr 2016 05:33:50.363,3467.025
25 Apr 2016 06:07:39.003,25 Apr 2016 07:05:26.048,3467.045
25 Apr 2016 07:39:14.655,25 Apr 2016 08:37:01.699,3467.043
25 Apr 2016 09:10:50.301,25 Apr 2016 10:08:37.314,3467.013
25 Apr 2016 10:42:25.941,25 Apr 2016 11:40:12.895,3466.954
25 Apr 2016 12:14:01.567,25 Apr 2016 13:11:48.441,3466.874
25 Apr 2016 13:45:37.178,25 Apr 2016 14:43:23.948,3466.771
25 Apr 2016 15:17:12.780,25 Apr 2016 16:14:59.418,3466.638
25 Apr 2016 16:48:48.371,25 Apr 2016 17:46:34.851,3466.480
25 Apr 2016 18:20:23.948,25 Apr 2016 19:18:10.244,3466.296
25 Apr 2016 19:51:59.512,25 Apr 2016 20:49:45.599,3466.087
25 Apr 2016 21:23:35.064,25 Apr 2016 22:21:20.914,3465.849
25 Apr 2016 22:55:10.599,25 Apr 2016 23:52:56.186,3465.587
26 Apr 2016 00:26:46.116,26 Apr 2016 01:24:31.421,3465.305
26 Apr 2016 01:58:21.621,26 Apr 2016 02:56:06.613,3464.992
26 Apr 2016 03:29:57.107,26 Apr 2016 04:27:41.764,3464.657
26 Apr 2016 05:01:32.571,26 Apr 2016 05:59:16.873,3464.301
26 Apr 2016 06:33:08.021,26 Apr 2016 07:30:51.941,3463.920
26 Apr 2016 08:04:43.452,26 Apr 2016 09:02:26.964,3463.512
26 Apr 2016 09:36:18.863,26 Apr 2016 10:34:01.943,3463.079
26 Apr 2016 11:07:54.254,26 Apr 2016 12:05:36.877,3462.623
26 Apr 2016 12:39:29.628,26 Apr 2016 13:37:11.767,3462.140
26 Apr 2016 14:11:04.972,26 Apr 2016 15:08:46.612,3461.640
26 Apr 2016 15:42:40.301,26 Apr 2016 16:40:21.412,3461.111
26 Apr 2016 17:14:15.603,26 Apr 2016 18:11:56.163,3460.560
26 Apr 2016 18:45:50.881,26 Apr 2016 19:43:30.873,3459.992
26 Apr 2016 20:17:26.135,26 Apr 2016 21:15:05.530,3459.395
26 Apr 2016 21:49:01.365,26 Apr 2016 22:46:40.144,3458.779
26 Apr 2016 23:20:36.569,27 Apr 2016 00:18:14.709,3458.141
27 Apr 2016 00:52:11.750,27 Apr 2016 01:49:49.229,3457.479
27 Apr 2016 02:23:46.901,27 Apr 2016 03:21:23.699,3456.798
27 Apr 2016 03:55:22.020,27 Apr 2016 04:52:58.120,3456.100
27 Apr 2016 05:26:57.119,27 Apr 2016 06:24:32.492,3455.373
27 Apr 2016 06:58:32.184,27 Apr 2016 07:56:06.815,3454.631
27 Apr 2016 08:30:07.217,27 Apr 2016 09:27:41.089,3453.871
27 Apr 2016 10:01:42.226,27 Apr 2016 10:59:15.312,3453.087
27 Apr 2016 11:33:17.201,27 Apr 2016 12:30:49.486,3452.285
27 Apr 2016 13:04:52.143,27 Apr 2016 14:02:23.607,3451.464
27 Apr 2016 14:36:27.056,27 Apr 2016 15:33:57.683,3450.627
27 Apr 2016 16:08:01.932,27 Apr 2016 17:05:31.702,3449.770
27 Apr 2016 17:39:36.778,27 Apr 2016 18:37:05.673,3448.896
27 Apr 2016 19:11:11.593,27 Apr 2016 20:08:39.593,3448.001
27 Apr 2016 20:42:46.370,27 Apr 2016 21:40:13.464,3447.094
27 Apr 2016 22:14:21.112,27 Apr 2016 23:11:47.281,3446.170
27 Apr 2016 23:45:55.814,28 Apr 2016 00:43:21.046,3445.232
28 Apr 2016 01:17:30.487,28 Apr 2016 02:14:54.760,3444.272
28 Apr 2016 02:49:05.118,28 Apr 2016 03:46:28.421,3443.303
28 Apr 2016 04:20:39.714,28 Apr 2016 05:18:02.030,3442.316
28 Apr 2016 05:52:14.274,28 Apr 2016 06:49:35.587,3441.313
28 Apr 2016 07:23:48.792,28 Apr 2016 08:21:09.089,3440.297
28 Apr 2016 08:55:23.275,28 Apr 2016 09:52:42.542,3439.266
28 Apr 2016 10:26:57.717,28 Apr 2016 11:24:15.940,3438.223
28 Apr 2016 11:58:32.116,28 Apr 2016 12:55:49.287,3437.171
28 Apr 2016 13:30:06.477,28 Apr 2016 14:27:22.581,3436.104
28 Apr 2016 15:01:40.801,28 Apr 2016 15:58:55.822,3435.022
28 Apr 2016 16:33:15.079,28 Apr 2016 17:30:29.013,3433.933
28 Apr 2016 18:04:49.316,28 Apr 2016 19:02:02.148,3432.832
28 Apr 2016 19:36:23.511,28 Apr 2016 20:33:35.231,3431.720
28 Apr 2016 21:07:57.660,28 Apr 2016 22:05:08.260,3430.600
28 Apr 2016 22:39:31.770,28 Apr 2016 23:36:41.237,3429.467
29 Apr 2016 00:11:05.838,29 Apr 2016 01:08:14.160,3428.323
29 Apr 2016 01:42:39.859,29 Apr 2016 02:39:47.029,3427.169
29 Apr 2016 03:14:13.836,29 Apr 2016 04:11:19.847,3426.011
29 Apr 2016 04:45:47.767,29 Apr 2016 05:42:52.612,3424.845
29 Apr 2016 06:17:21.658,29 Apr 2016 07:14:25.324,3423.666
29 Apr 2016 07:48:55.500,29 Apr 2016 08:45:57.983,3422.483
29 Apr 2016 09:20:29.297,29 Apr 2016 10:17:30.590,3421.293
29 Apr 2016 10:52:03.047,29 Apr 2016 11:49:03.144,3420.097
29 Apr 2016 12:23:36.751,29 Apr 2016 13:20:35.646,3418.895
29 Apr 2016 13:55:10.405,29 Apr 2016 14:52:08.097,3417.692
29 Apr 2016 15:26:44.018,29 Apr 2016 16:23:40.493,3416.475
29 Apr 2016 16:58:17.578,29 Apr 2016 17:55:12.838,3415.260
29 Apr 2016 18:29:51.093,29 Apr 2016 19:26:45.130,3414.037
29 Apr 2016 20:01:24.562,29 Apr 2016 20:58:17.367,3412.805
29 Apr 2016 21:32:57.981,29 Apr 2016 22:29:49.555,3411.574
29 Apr 2016 23:04:31.352,30 Apr 2016 00:01:21.691,3410.339
30 Apr 2016 00:36:04.671,30 Apr 2016 01:32:53.775,3409.104
30 Apr 2016 02:07:37.947,30 Apr 2016 03:04:25.808,3407.861
30 Apr 2016 03:39:11.168,30 Apr 2016 04:35:57.789,3406.621
30 Apr 2016 05:10:44.342,30 Apr 2016 06:07:29.718,3405.376
30 Apr 2016 06:42:17.470,30 Apr 2016 07:39:01.597,3404.127
30 Apr 2016 08:13:50.542,30 Apr 2016 09:10:33.424,3402.883
30 Apr 2016 09:45:23.571,30 Apr 2016 10:42:05.201,3401.630
30 Apr 2016 11:16:56.542,30 Apr 2016 12:13:36.927,3400.385
30 Apr 2016 12:48:29.467,30 Apr 2016 13:45:08.602,3399.135
30 Apr 2016 14:20:02.341,30 Apr 2016 15:16:40.227,3397.886
30 Apr 2016 15:51:35.167,30 Apr 2016 16:48:11.801,3396.634
30 Apr 2016 17:23:07.940,30 Apr 2016 18:19:43.326,3395.386
30 Apr 2016 18:54:40.663,30 Apr 2016 19:51:14.800,3394.137
30 Apr 2016 20:26:13.334,30 Apr 2016 21:22:46.228,3392.894
30 Apr 2016 21:57:45.951,30 Apr 2016 22:54:17.601,3391.650
30 Apr 2016 23:29:18.522,1 May 2016 00:25:48.927,3390.405
1 May 2016 01:00:51.040,1 May 2016 01:57:20.204,3389.164
1 May 2016 02:32:23.506,1 May 2016 03:28:51.432,3387.926
1 May 2016 04:03:55.919,1 May 2016 05:00:22.612,3386.693
1 May 2016 05:35:28.284,1 May 2016 06:31:53.743,3385.459
1 May 2016 07:07:00.593,1 May 2016 08:03:24.825,3384.233
1 May 2016 08:38:32.853,1 May 2016 09:34:55.860,3383.007
1 May 2016 10:10:05.061,1 May 2016 11:06:26.846,3381.785
1 May 2016 11:41:37.220,1 May 2016 12:37:57.785,3380.566
1 May 2016 13:13:09.324,1 May 2016 14:09:28.677,3379.352
1 May 2016 14:44:41.377,1 May 2016 15:40:59.521,3378.144
1 May 2016 16:16:13.378,1 May 2016 17:12:30.318,3376.940
1 May 2016 17:47:45.329,1 May 2016 18:44:01.069,3375.740
1 May 2016 19:19:17.225,1 May 2016 20:15:31.772,3374.547
1 May 2016 20:50:49.071,1 May 2016 21:47:02.430,3373.359
1 May 2016 22:22:20.864,1 May 2016 23:18:33.041,3372.177
1 May 2016 23:53:52.603,2 May 2016 00:50:03.607,3371.004
2 May 2016 01:25:24.293,2 May 2016 02:21:34.126,3369.833
2 May 2016 02:56:55.931,2 May 2016 03:53:04.600,3368.670
2 May 2016 04:28:27.517,2 May 2016 05:24:35.029,3367.512
2 May 2016 05:59:59.051,2 May 2016 06:56:05.413,3366.362
2 May 2016 07:31:30.534,2 May 2016 08:27:35.753,3365.218
2 May 2016 09:03:01.968,2 May 2016 09:59:06.047,3364.079
2 May 2016 10:34:33.347,2 May 2016 11:30:36.297,3362.950
2 May 2016 12:06:04.675,2 May 2016 13:02:06.504,3361.829
2 May 2016 13:37:35.951,2 May 2016 14:33:36.669,3360.718
2 May 2016 15:09:07.177,2 May 2016 16:05:06.787,3359.611
2 May 2016 16:40:38.347,2 May 2016 17:36:36.860,3358.513
2 May 2016 18:12:09.471,2 May 2016 19:08:06.892,3357.421
2 May 2016 19:43:40.542,2 May 2016 20:39:36.881,3356.339
2 May 2016 21:15:11.562,2 May 2016 22:11:06.827,3355.265
2 May 2016 22:46:42.530,2 May 2016 23:42:36.731,3354.201
3 May 2016 00:18:13.444,3 May 2016 01:14:06.592,3353.149
3 May 2016 01:49:44.310,3 May 2016 02:45:36.412,3352.102
3 May 2016 03:21:15.125,3 May 2016 04:17:06.190,3351.064
3 May 2016 04:52:45.890,3 May 2016 05:48:35.926,3350.036
3 May 2016 06:24:16.604,3 May 2016 07:20:05.621,3349.017
3 May 2016 07:55:47.270,3 May 2016 08:51:35.274,3348.005
3 May 2016 09:27:17.882,3 May 2016 10:23:04.887,3347.005
3 May 2016 10:58:48.445,3 May 2016 11:54:34.462,3346.018
3 May 2016 12:30:18.957,3 May 2016 13:26:03.991,3345.034
3 May 2016 14:01:49.418,3 May 2016 14:57:33.482,3344.064
3 May 2016 15:33:19.830,3 May 2016 16:29:02.934,3343.104
3 May 2016 17:04:50.192,3 May 2016 18:00:32.346,3342.154
3 May 2016 18:36:20.501,3 May 2016 19:32:01.718,3341.216
3 May 2016 20:07:50.766,3 May 2016 21:03:31.051,3340.284
3 May 2016 21:39:20.976,3 May 2016 22:35:00.344,3339.368
3 May 2016 23:10:51.139,4 May 2016 00:06:29.599,3338.460
4 May 2016 00:42:21.253,4 May 2016 01:37:58.815,3337.563
4 May 2016 02:13:51.317,4 May 2016 03:09:27.993,3336.676
4 May 2016 03:45:21.333,4 May 2016 04:40:57.133,3335.800
4 May 2016 05:16:51.299,4 May 2016 06:12:26.234,3334.936
4 May 2016 06:48:21.216,4 May 2016 07:43:55.298,3334.082
4 May 2016 08:19:51.087,4 May 2016 09:15:24.325,3333.237
4 May 2016 09:51:20.907,4 May 2016 10:46:53.316,3332.409
4 May 2016 11:22:50.679,4 May 2016 12:18:22.270,3331.591
4 May 2016 12:54:20.402,4 May 2016 13:49:51.180,3330.778
4 May 2016 14:25:50.075,4 May 2016 15:21:20.059,3329.984
4 May 2016 15:57:19.703,4 May 2016 16:52:48.901,3329.198
4 May 2016 17:28:49.281,4 May 2016 18:24:17.706,3328.425
4 May 2016 19:00:18.812,4 May 2016 19:55:46.476,3327.664
4 May 2016 20:31:48.296,4 May 2016 21:27:15.209,3326.914
4 May 2016 22:03:17.732,4 May 2016 22:58:43.907,3326.176
4 May 2016 23:34:47.120,5 May 2016 00:30:12.570,3325.450
5 May 2016 01:06:16.462,5 May 2016 02:01:41.198,3324.736
5 May 2016 02:37:45.756,5 May 2016 03:33:09.790,3324.034
5 May 2016 04:09:15.003,5 May 2016 05:04:38.348,3323.344
5 May 2016 05:40:44.204,5 May 2016 06:36:06.871,3322.667
5 May 2016 07:12:13.358,5 May 2016 08:07:35.362,3322.004
5 May 2016 08:43:42.465,5 May 2016 09:39:03.817,3321.352
5 May 2016 10:15:11.526,5 May 2016 11:10:32.240,3320.714
5 May 2016 11:46:40.541,5 May 2016 12:42:00.622,3320.081
5 May 2016 13:18:09.509,5 May 2016 14:13:28.975,3319.466
5 May 2016 14:49:38.434,5 May 2016 15:44:57.300,3318.866
5 May 2016 16:21:07.314,5 May 2016 17:16:25.582,3318.268
5 May 2016 17:52:36.140,5 May 2016 18:47:53.841,3317.701
5 May 2016 19:24:04.925,5 May 2016 20:19:22.062,3317.137
5 May 2016 20:55:33.665,5 May 2016 21:50:50.245,3316.580
5 May 2016 22:27:02.360,5 May 2016 23:22:18.402,3316.041
5 May 2016 23:58:31.010,6 May 2016 00:53:46.526,3315.516
6 May 2016 01:29:59.615,6 May 2016 02:25:14.618,3315.003
6 May 2016 03:01:28.175,6 May 2016 03:56:42.678,3314.503
6 May 2016 04:32:56.690,6 May 2016 05:28:10.707,3314.017
6 May 2016 06:04:25.161,6 May 2016 06:59:38.705,3313.543
6 May 2016 07:35:53.588,6 May 2016 08:31:06.675,3313.087
6 May 2016 09:07:21.970,6 May 2016 10:02:34.611,3312.641
6 May 2016 10:38:50.308,6 May 2016 11:34:02.511,3312.203
6 May 2016 12:10:18.605,6 May 2016 13:05:30.385,3311.780
6 May 2016 13:41:46.856,6 May 2016 14:36:58.228,3311.372
6 May 2016 15:13:15.059,6 May 2016 16:08:26.046,3310.987
6 May 2016 16:44:43.227,6 May 2016 17:39:53.830,3310.603
6 May 2016 18:16:11.342,6 May 2016 19:11:21.579,3310.237
6 May 2016 19:47:39.418,6 May 2016 20:42:49.308,3309.889
6 May 2016 21:19:07.452,6 May 2016 22:14:17.002,3309.551
6 May 2016 22:50:35.442,6 May 2016 23:45:44.663,3309.221
7 May 2016 00:22:03.389,7 May 2016 01:17:12.304,3308.914
7 May 2016 01:53:31.294,7 May 2016 02:48:39.907,3308.613
7 May 2016 03:24:59.156,7 May 2016 04:20:07.485,3308.329
7 May 2016 04:56:26.976,7 May 2016 05:51:35.040,3308.064
7 May 2016 06:27:54.753,7 May 2016 07:23:02.558,3307.805
7 May 2016 07:59:22.488,7 May 2016 08:54:30.051,3307.563
7 May 2016 09:30:50.181,7 May 2016 10:25:57.521,3307.340
7 May 2016 11:02:17.833,7 May 2016 11:57:24.955,3307.122
7 May 2016 12:33:45.446,7 May 2016 13:28:52.370,3306.924
7 May 2016 14:05:13.014,7 May 2016 15:00:19.748,3306.734
7 May 2016 15:36:40.541,7 May 2016 16:31:47.109,3306.568
7 May 2016 17:08:08.021,7 May 2016 18:03:14.438,3306.417
7 May 2016 18:39:35.470,7 May 2016 19:34:41.740,3306.270
7 May 2016 20:11:02.873,7 May 2016 21:06:09.016,3306.143
7 May 2016 21:42:30.229,7 May 2016 22:37:36.260,3306.031
7 May 2016 23:13:57.550,8 May 2016 00:09:03.483,3305.933
8 May 2016 00:45:24.830,8 May 2016 01:40:30.680,3305.850
8 May 2016 02:16:52.069,8 May 2016 03:11:57.856,3305.787
8 May 2016 03:48:19.268,8 May 2016 04:43:25.001,3305.733
8 May 2016 05:19:46.431,8 May 2016 06:14:52.119,3305.687
8 May 2016 06:51:13.545,8 May 2016 07:46:19.216,3305.671
8 May 2016 08:22:40.623,8 May 2016 09:17:46.285,3305.663
8 May 2016 09:54:07.663,8 May 2016 10:49:13.325,3305.662
8 May 2016 11:25:34.661,8 May 2016 12:20:40.350,3305.688
8 May 2016 12:57:01.621,8 May 2016 13:52:07.345,3305.724
8 May 2016 14:28:28.536,8 May 2016 15:23:34.316,3305.780
8 May 2016 15:59:55.416,8 May 2016 16:55:01.263,3305.847
8 May 2016 17:31:22.260,8 May 2016 18:26:28.180,3305.920
8 May 2016 19:02:49.056,8 May 2016 19:57:55.084,3306.028
8 May 2016 20:34:15.818,8 May 2016 21:29:21.960,3306.142
8 May 2016 22:05:42.540,8 May 2016 23:00:48.812,3306.272
8 May 2016 23:37:09.223,9 May 2016 00:32:15.641,3306.417
9 May 2016 01:08:35.868,9 May 2016 02:03:42.446,3306.579
9 May 2016 02:40:02.474,9 May 2016 03:35:09.227,3306.753
9 May 2016 04:11:29.041,9 May 2016 05:06:35.990,3306.949
9 May 2016 05:42:55.570,9 May 2016 06:38:02.724,3307.154
9 May 2016 07:14:22.060,9 May 2016 08:09:29.439,3307.379
9 May 2016 08:45:48.513,9 May 2016 09:40:56.137,3307.624
9 May 2016 10:17:14.927,9 May 2016 11:12:22.804,3307.877
9 May 2016 11:48:41.307,9 May 2016 12:43:49.459,3308.152
9 May 2016 13:20:07.640,9 May 2016 14:15:16.087,3308.447
9 May 2016 14:51:33.941,9 May 2016 15:46:42.695,3308.754
9 May 2016 16:23:00.203,9 May 2016 17:18:09.277,3309.074
9 May 2016 17:54:26.428,9 May 2016 18:49:35.847,3309.419
9 May 2016 19:25:52.615,9 May 2016 20:21:02.387,3309.772
9 May 2016 20:57:18.765,9 May 2016 21:52:28.916,3310.151
9 May 2016 22:28:44.877,9 May 2016 23:23:55.416,3310.539
10 May 2016 00:00:10.953,10 May 2016 00:55:21.901,3310.948
10 May 2016 01:31:36.991,10 May 2016 02:26:48.368,3311.377
10 May 2016 03:03:02.992,10 May 2016 03:58:14.808,3311.816
10 May 2016 04:34:28.956,10 May 2016 05:29:41.236,3312.280
10 May 2016 06:05:54.883,10 May 2016 07:01:07.644,3312.761
10 May 2016 07:37:20.774,10 May 2016 08:32:34.031,3313.257
10 May 2016 09:08:46.628,10 May 2016 10:04:00.395,3313.767
10 May 2016 10:40:12.445,10 May 2016 11:35:26.749,3314.304
10 May 2016 12:11:38.231,10 May 2016 13:06:53.076,3314.845
10 May 2016 13:43:03.971,10 May 2016 14:38:19.394,3315.423
10 May 2016 15:14:29.679,10 May 2016 16:09:45.684,3316.005
10 May 2016 16:45:55.351,10 May 2016 17:41:11.962,3316.611
10 May 2016 18:17:20.987,10 May 2016 19:12:38.227,3317.240
10 May 2016 19:48:46.587,10 May 2016 20:44:04.465,3317.878
10 May 2016 21:20:12.151,10 May 2016 22:15:30.691,3318.540
10 May 2016 22:51:37.680,10 May 2016 23:46:56.901,3319.221
11 May 2016 00:23:03.172,11 May 2016 01:18:23.093,3319.921
11 May 2016 01:54:28.629,11 May 2016 02:49:49.270,3320.640
11 May 2016 03:25:54.051,11 May 2016 04:21:15.430,3321.379
11 May 2016 04:57:19.437,11 May 2016 05:52:41.579,3322.143
11 May 2016 06:28:44.787,11 May 2016 07:24:07.703,3322.916
11 May 2016 08:00:10.102,11 May 2016 08:55:33.817,3323.715
11 May 2016 09:31:35.382,11 May 2016 10:26:59.916,3324.533
11 May 2016 11:03:00.627,11 May 2016 11:58:25.999,3325.372
11 May 2016 12:34:25.837,11 May 2016 13:29:52.068,3326.232
11 May 2016 14:05:51.011,11 May 2016 15:01:18.123,3327.112
11 May 2016 15:37:16.151,11 May 2016 16:32:44.163,3328.012
11 May 2016 17:08:41.256,11 May 2016 18:04:10.190,3328.934
11 May 2016 18:40:06.326,11 May 2016 19:35:36.203,3329.877
11 May 2016 20:11:31.362,11 May 2016 21:07:02.203,3330.841
11 May 2016 21:42:56.363,11 May 2016 22:38:28.190,3331.827
11 May 2016 23:14:21.329,12 May 2016 00:09:54.164,3332.835
12 May 2016 00:45:46.261,12 May 2016 01:41:20.126,3333.864
12 May 2016 02:17:11.159,12 May 2016 03:12:46.075,3334.916
12 May 2016 03:48:36.025,12 May 2016 04:44:12.013,3335.988
12 May 2016 05:20:00.854,12 May 2016 06:15:37.938,3337.085
12 May 2016 06:51:25.648,12 May 2016 07:47:03.853,3338.204
12 May 2016 08:22:50.409,12 May 2016 09:18:29.756,3339.347
12 May 2016 09:54:15.136,12 May 2016 10:49:55.649,3340.513
12 May 2016 11:25:39.829,12 May 2016 12:21:21.531,3341.702
12 May 2016 12:57:04.485,12 May 2016 13:52:47.403,3342.918
12 May 2016 14:28:29.110,12 May 2016 15:24:13.265,3344.155
12 May 2016 15:59:53.701,12 May 2016 16:55:39.118,3345.416
12 May 2016 17:31:18.259,12 May 2016 18:27:04.961,3346.702
12 May 2016 19:02:42.783,12 May 2016 19:58:30.795,3348.012
12 May 2016 20:34:07.273,12 May 2016 21:29:56.621,3349.348
12 May 2016 22:05:31.730,12 May 2016 23:01:22.439,3350.708
12 May 2016 23:36:56.156,13 May 2016 00:32:48.248,3352.092
13 May 2016 01:08:20.546,13 May 2016 02:04:14.050,3353.504
13 May 2016 02:39:44.903,13 May 2016 03:35:39.845,3354.942
13 May 2016 04:11:09.226,13 May 2016 05:07:05.633,3356.407
13 May 2016 05:42:33.516,13 May 2016 06:38:31.414,3357.898
13 May 2016 07:13:57.771,13 May 2016 08:09:57.189,3359.418
13 May 2016 08:45:21.997,13 May 2016 09:41:22.959,3360.961
13 May 2016 10:16:46.186,13 May 2016 11:12:48.722,3362.536
13 May 2016 11:48:10.346,13 May 2016 12:44:14.481,3364.135
13 May 2016 13:19:34.471,13 May 2016 14:15:40.235,3365.764
13 May 2016 14:50:58.564,13 May 2016 15:47:05.985,3367.421
13 May 2016 16:22:22.620,13 May 2016 17:18:31.731,3369.111
13 May 2016 17:53:46.646,13 May 2016 18:49:57.473,3370.827
13 May 2016 19:25:10.640,13 May 2016 20:21:23.212,3372.572
13 May 2016 20:56:34.601,13 May 2016 21:52:48.949,3374.348
13 May 2016 22:27:58.532,13 May 2016 23:24:14.683,3376.151
13 May 2016 23:59:22.428,14 May 2016 00:55:40.416,3377.988
14 May 2016 01:30:46.291,14 May 2016 02:27:06.147,3379.855
14 May 2016 03:02:10.122,14 May 2016 03:58:31.877,3381.754
14 May 2016 04:33:33.921,14 May 2016 05:29:57.606,3383.685
14 May 2016 06:04:57.687,14 May 2016 07:01:23.336,3385.649
14 May 2016 07:36:21.418,14 May 2016 08:32:49.066,3387.647
14 May 2016 09:07:45.122,14 May 2016 10:04:14.797,3389.674
14 May 2016 10:39:08.791,14 May 2016 11:35:40.529,3391.737
14 May 2016 12:10:32.428,14 May 2016 13:07:06.263,3393.834
14 May 2016 13:41:56.033,14 May 2016 14:38:31.999,3395.966
14 May 2016 15:13:19.606,14 May 2016 16:09:57.738,3398.132
14 May 2016 16:44:43.146,14 May 2016 17:41:23.481,3400.335
14 May 2016 18:16:06.652,14 May 2016 19:12:49.228,3402.576
14 May 2016 19:47:30.128,14 May 2016 20:44:14.979,3404.850
14 May 2016 21:18:53.573,14 May 2016 22:15:40.735,3407.162
14 May 2016 22:50:16.988,14 May 2016 23:47:06.496,3409.509
15 May 2016 00:21:40.368,15 May 2016 01:18:32.264,3411.896
15 May 2016 01:53:03.717,15 May 2016 02:49:58.038,3414.321
15 May 2016 03:24:27.032,15 May 2016 04:21:23.820,3416.788
15 May 2016 04:55:50.317,15 May 2016 05:52:49.609,3419.293
15 May 2016 06:27:13.569,15 May 2016 07:24:15.407,3421.838
15 May 2016 07:58:36.791,15 May 2016 08:55:41.215,3424.424
15 May 2016 09:29:59.983,15 May 2016 10:27:07.032,3427.048
15 May 2016 11:01:23.141,15 May 2016 11:58:32.859,3429.718
15 May 2016 12:32:46.264,15 May 2016 13:29:58.698,3432.433
15 May 2016 14:04:09.359,15 May 2016 15:01:24.550,3435.191
15 May 2016 15:35:32.425,15 May 2016 16:32:50.413,3437.988
15 May 2016 17:06:55.456,15 May 2016 18:04:16.289,3440.833
15 May 2016 18:38:18.456,15 May 2016 19:35:42.179,3443.723
15 May 2016 20:09:41.421,15 May 2016 21:07:08.083,3446.662
15 May 2016 21:41:04.358,15 May 2016 22:38:34.003,3449.645
15 May 2016 23:12:27.263,16 May 2016 00:09:59.939,3452.676
16 May 2016 00:43:50.139,16 May 2016 01:41:25.892,3455.753
16 May 2016 02:15:12.981,16 May 2016 03:12:51.863,3458.882
16 May 2016 03:46:35.792,16 May 2016 04:44:17.849,3462.058
16 May 2016 05:17:58.569,16 May 2016 06:15:43.858,3465.289
16 May 2016 06:49:21.316,16 May 2016 07:47:09.886,3468.571
16 May 2016 08:20:44.035,16 May 2016 09:18:35.936,3471.902
16 May 2016 09:52:06.720,16 May 2016 10:50:02.008,3475.289
16 May 2016 11:23:29.370,16 May 2016 12:21:28.105,3478.736
16 May 2016 12:54:51.991,16 May 2016 13:52:54.224,3482.232
16 May 2016 14:26:14.582,16 May 2016 15:24:20.367,3485.785
16 May 2016 15:57:37.141,16 May 2016 16:55:46.536,3489.396
16 May 2016 17:28:59.672,16 May 2016 18:27:12.732,3493.060
16 May 2016 19:00:22.164,16 May 2016 19:58:38.956,3496.791
16 May 2016 20:31:44.633,16 May 2016 21:30:05.208,3500.575
16 May 2016 22:03:07.064,16 May 2016 23:01:31.490,3504.426
16 May 2016 23:34:29.469,17 May 2016 00:32:57.803,3508.335
17 May 2016 01:05:51.834,17 May 2016 02:04:24.148,3512.315
17 May 2016 02:37:14.175,17 May 2016 03:35:50.527,3516.352
17 May 2016 04:08:36.482,17 May 2016 05:07:16.937,3520.455
17 May 2016 05:39:58.756,17 May 2016 06:38:43.388,3524.632
17 May 2016 07:11:21.000,17 May 2016 08:10:09.870,3528.870
17 May 2016 08:42:43.213,17 May 2016 09:41:36.393,3533.181
17 May 2016 10:14:05.394,17 May 2016 11:13:02.958,3537.564
17 May 2016 11:45:27.546,17 May 2016 12:44:29.561,3542.015
17 May 2016 13:16:49.664,17 May 2016 14:15:56.206,3546.542
17 May 2016 14:48:11.750,17 May 2016 15:47:22.894,3551.144
17 May 2016 16:19:33.803,17 May 2016 17:18:49.625,3555.821
17 May 2016 17:50:55.826,17 May 2016 18:50:16.404,3560.578
17 May 2016 19:22:17.820,17 May 2016 20:21:43.231,3565.411
17 May 2016 20:53:39.777,17 May 2016 21:53:10.110,3570.333
17 May 2016 22:25:01.708,17 May 2016 23:24:37.036,3575.328
17 May 2016 23:56:23.603,18 May 2016 00:56:04.015,3580.411
18 May 2016 01:27:45.467,18 May 2016 02:27:31.046,3585.580
18 May 2016 02:59:07.296,18 May 2016 03:58:58.135,3590.839
18 May 2016 04:30:29.096,18 May 2016 05:30:25.278,3596.182
18 May 2016 06:01:50.864,18 May 2016 07:01:52.482,3601.618
18 May 2016 07:33:12.600,18 May 2016 08:33:19.748,3607.148
18 May 2016 09:04:34.304,18 May 2016 10:04:47.079,3612.775
18 May 2016 10:35:55.975,18 May 2016 11:36:14.471,3618.496
18 May 2016 12:07:17.614,18 May 2016 13:07:41.932,3624.318
18 May 2016 13:38:39.223,18 May 2016 14:39:09.457,3630.234
18 May 2016 15:10:00.797,18 May 2016 16:10:37.057,3636.260
18 May 2016 16:41:22.336,18 May 2016 17:42:04.726,3642.389
18 May 2016 18:12:43.845,18 May 2016 19:13:32.471,3648.627
18 May 2016 19:44:05.321,18 May 2016 20:45:00.297,3654.977
18 May 2016 21:15:26.764,18 May 2016 22:16:28.200,3661.436
18 May 2016 22:46:48.178,18 May 2016 23:47:56.184,3668.005
19 May 2016 00:18:09.551,19 May 2016 01:19:24.251,3674.701
19 May 2016 01:49:30.894,19 May 2016 02:50:52.406,3681.511
19 May 2016 03:20:52.209,19 May 2016 04:22:20.647,3688.437
19 May 2016 04:52:13.482,19 May 2016 05:53:48.982,3695.500
19 May 2016 06:23:34.728,19 May 2016 07:25:17.411,3702.683
19 May 2016 07:54:55.934,19 May 2016 08:56:45.943,3710.009
19 May 2016 09:26:17.113,19 May 2016 10:28:14.564,3717.451
19 May 2016 10:57:38.250,19 May 2016 11:59:43.293,3725.043
19 May 2016 12:28:59.357,19 May 2016 13:31:12.128,3732.771
19 May 2016 14:00:20.429,19 May 2016 15:02:41.074,3740.645
19 May 2016 15:31:41.467,19 May 2016 16:34:10.126,3748.660
19 May 2016 17:03:02.472,19 May 2016 18:05:39.297,3756.825
19 May 2016 18:34:23.439,19 May 2016 19:37:08.589,3765.150
19 May 2016 20:05:44.368,19 May 2016 21:08:37.997,3773.628
19 May 2016 21:37:05.268,19 May 2016 22:40:07.533,3782.265
19 May 2016 23:08:26.125,20 May 2016 00:11:37.199,3791.074
20 May 2016 00:39:46.953,20 May 2016 01:43:06.995,3800.042
20 May 2016 02:11:07.737,20 May 2016 03:14:36.933,3809.196
20 May 2016 03:42:28.488,20 May 2016 04:46:07.008,3818.520
20 May 2016 05:13:49.201,20 May 2016 06:17:37.223,3828.022
20 May 2016 06:45:09.878,20 May 2016 07:49:07.591,3837.713
20 May 2016 08:16:30.521,20 May 2016 09:20:38.111,3847.590
20 May 2016 09:47:51.121,20 May 2016 10:52:08.789,3857.668
20 May 2016 11:19:11.678,20 May 2016 12:23:39.632,3867.953
20 May 2016 12:50:32.202,20 May 2016 13:55:10.634,3878.432
20 May 2016 14:21:52.683,20 May 2016 15:26:41.811,3889.129
20 May 2016 15:53:13.126,20 May 2016 16:58:13.165,3900.039
20 May 2016 17:24:33.528,20 May 2016 18:29:44.702,3911.175
20 May 2016 18:55:53.889,20 May 2016 20:01:16.423,3922.534
20 May 2016 20:27:14.211,20 May 2016 21:32:48.337,3934.126
20 May 2016 21:58:34.486,20 May 2016 23:04:20.446,3945.960
20 May 2016 23:29:54.719,21 May 2016 00:35:52.756,3958.037
21 May 2016 01:01:14.913,21 May 2016 02:07:25.279,3970.365
21 May 2016 02:32:35.055,21 May 2016 03:38:58.016,3982.961
21 May 2016 04:03:55.155,21 May 2016 05:10:30.974,3995.819
21 May 2016 05:35:15.210,21 May 2016 06:42:04.161,4008.951
21 May 2016 07:06:35.217,21 May 2016 08:13:37.581,4022.364
21 May 2016 08:37:55.181,21 May 2016 09:45:11.247,4036.066
21 May 2016 10:09:15.091,21 May 2016 11:16:45.152,4050.061
21 May 2016 11:40:34.951,21 May 2016 12:48:19.317,4064.366
21 May 2016 13:11:54.759,21 May 2016 14:19:53.745,4078.986
21 May 2016 14:43:14.514,21 May 2016 15:51:28.447,4093.933
21 May 2016 16:14:34.215,21 May 2016 17:23:03.425,4109.209
21 May 2016 17:45:53.855,21 May 2016 18:54:38.683,4124.828
21 May 2016 19:17:13.443,21 May 2016 20:26:14.241,4140.798
21 May 2016 20:48:32.972,21 May 2016 21:57:50.104,4157.132
21 May 2016 22:19:52.440,21 May 2016 23:29:26.281,4173.842
21 May 2016 23:51:11.843,22 May 2016 01:01:02.776,4190.932
22 May 2016 01:22:31.182,22 May 2016 02:32:39.605,4208.423
22 May 2016 02:53:50.458,22 May 2016 04:04:16.775,4226.318
22 May 2016 04:25:09.657,22 May 2016 05:35:54.298,4244.641
22 May 2016 05:56:28.783,22 May 2016 07:07:32.187,4263.403
22 May 2016 07:27:47.832,22 May 2016 08:39:10.442,4282.610
22 May 2016 08:59:06.801,22 May 2016 10:10:49.087,4302.286
22 May 2016 10:30:25.684,22 May 2016 11:42:28.131,4322.447
22 May 2016 12:01:44.480,22 May 2016 13:14:07.583,4343.103
22 May 2016 13:33:03.176,22 May 2016 14:45:47.457,4364.281
22 May 2016 15:04:21.783,22 May 2016 16:17:27.766,4385.982
22 May 2016 16:35:40.280,22 May 2016 17:49:08.530,4408.250
22 May 2016 18:06:58.665,22 May 2016 19:20:49.756,4431.091
22 May 2016 19:38:16.931,22 May 2016 20:52:31.471,4454.539
22 May 2016 21:09:35.067,22 May 2016 22:24:13.675,4478.608
22 May 2016 22:40:53.068,22 May 2016 23:55:56.407,4503.338
23 May 2016 00:12:10.923,23 May 2016 01:27:39.672,4528.748
23 May 2016 01:43:28.615,23 May 2016 02:59:23.490,4554.875
23 May 2016 03:14:46.127,23 May 2016 04:31:07.898,4581.771
23 May 2016 04:46:03.452,23 May 2016 06:02:52.908,4609.456
23 May 2016 06:17:20.565,23 May 2016 07:34:38.561,4637.996
23 May 2016 07:48:37.447,23 May 2016 09:06:24.880,4667.433
23 May 2016 09:19:54.064,23 May 2016 10:38:11.907,4697.842
23 May 2016 10:51:10.393,23 May 2016 12:09:59.680,4729.287
23 May 2016 12:22:26.386,23 May 2016 13:41:48.261,4761.875
23 May 2016 13:53:42.002,23 May 2016 15:13:37.707,4795.705
23 May 2016 15:24:57.175,23 May 2016 16:45:28.097,4830.922
23 May 2016 16:56:11.834,23 May 2016 18:17:19.531,4867.698
23 May 2016 18:27:25.877,23 May 2016 19:49:12.142,4906.265
23 May 2016 19:58:39.185,23 May 2016 21:21:06.096,4946.911
23 May 2016 21:29:51.570,23 May 2016 22:53:01.652,4990.083
23 May 2016 23:01:02.788,24 May 2016 00:24:59.184,5036.396
24 May 2016 00:32:12.468,24 May 2016 01:56:59.282,5086.814
24 May 2016 02:03:19.995,24 May 2016 03:29:03.037,5143.042
24 May 2016 03:34:24.293,24 May 2016 05:01:12.781,5208.488
24 May 2016 05:05:23.013,24 May 2016 06:33:36.054,5293.041
24 May 2016 06:36:08.618,26 May 2016 15:02:11.974,203163.356
26 May 2016 15:05:25.744,26 May 2016 16:33:03.311,5257.567
26 May 2016 16:37:41.060,26 May 2016 18:04:03.547,5182.487
26 May 2016 18:09:46.964,26 May 2016 19:35:08.183,5121.218
26 May 2016 19:41:47.950,26 May 2016 21:06:15.503,5067.552
26 May 2016 21:13:45.729,26 May 2016 22:37:24.656,5018.927
26 May 2016 22:45:41.154,27 May 2016 00:08:35.142,4973.988
27 May 2016 00:17:34.715,27 May 2016 01:39:46.636,4931.921
27 May 2016 01:49:26.734,27 May 2016 03:10:58.927,4892.193
27 May 2016 03:21:17.429,27 May 2016 04:42:11.856,4854.426
27 May 2016 04:53:06.952,27 May 2016 06:13:25.307,4818.355
27 May 2016 06:24:55.432,27 May 2016 07:44:39.192,4783.759
27 May 2016 07:56:42.953,27 May 2016 09:15:53.442,4750.490
27 May 2016 09:28:29.582,27 May 2016 10:47:08.003,4718.421
27 May 2016 11:00:15.383,27 May 2016 12:18:22.831,4687.448
27 May 2016 12:32:00.408,27 May 2016 13:49:37.888,4657.480
27 May 2016 14:03:44.691,27 May 2016 15:20:53.149,4628.458
27 May 2016 15:35:28.277,27 May 2016 16:52:08.578,4600.301
27 May 2016 17:07:11.182,27 May 2016 18:23:24.166,4572.984
27 May 2016 18:38:53.453,27 May 2016 19:54:39.885,4546.432
27 May 2016 20:10:35.097,27 May 2016 21:25:55.724,4520.627
27 May 2016 21:42:16.150,27 May 2016 22:57:11.672,4495.521
27 May 2016 23:13:56.625,28 May 2016 00:28:27.711,4471.086
28 May 2016 00:45:36.540,28 May 2016 01:59:43.833,4447.293
28 May 2016 02:17:15.919,28 May 2016 03:31:00.027,4424.108
28 May 2016 03:48:54.773,28 May 2016 05:02:16.290,4401.517
28 May 2016 05:20:33.122,28 May 2016 06:33:32.615,4379.492
28 May 2016 06:52:10.985,28 May 2016 08:04:48.986,4358.002
28 May 2016 08:23:48.359,28 May 2016 09:36:05.408,4337.049
28 May 2016 09:55:25.279,28 May 2016 11:07:21.871,4316.592
28 May 2016 11:27:01.739,28 May 2016 12:38:38.371,4296.632
28 May 2016 12:58:37.764,28 May 2016 14:09:54.904,4277.140
28 May 2016 14:30:13.359,28 May 2016 15:41:11.466,4258.107
28 May 2016 16:01:48.531,28 May 2016 17:12:28.053,4239.522
28 May 2016 17:33:23.303,28 May 2016 18:43:44.663,4221.360
28 May 2016 19:04:57.682,28 May 2016 20:15:01.295,4203.613
28 May 2016 20:36:31.670,28 May 2016 21:46:17.939,4186.269
28 May 2016 22:08:05.285,28 May 2016 23:17:34.600,4169.315
28 May 2016 23:39:38.539,29 May 2016 00:48:51.273,4152.734
29 May 2016 01:11:11.430,29 May 2016 02:20:07.957,4136.527
29 May 2016 02:42:43.972,29 May 2016 03:51:24.648,4120.676
29 May 2016 04:14:16.175,29 May 2016 05:22:41.347,4105.172
29 May 2016 05:45:48.046,29 May 2016 06:53:58.053,4090.008
29 May 2016 07:17:19.593,29 May 2016 08:25:14.758,4075.165
29 May 2016 08:48:50.823,29 May 2016 09:56:31.467,4060.643
29 May 2016 10:20:21.742,29 May 2016 11:27:48.178,4046.436
29 May 2016 11:51:52.363,29 May 2016 12:59:04.887,4032.523
29 May 2016 13:23:22.691,29 May 2016 14:30:21.599,4018.908
29 May 2016 14:54:52.731,29 May 2016 16:01:38.301,4005.570
29 May 2016 16:26:22.490,29 May 2016 17:32:55.004,3992.513
29 May 2016 17:57:51.981,29 May 2016 19:04:11.702,3979.721
29 May 2016 19:29:21.194,29 May 2016 20:35:28.395,3967.201
29 May 2016 21:00:50.150,29 May 2016 22:06:45.082,3954.932
29 May 2016 22:32:18.850,29 May 2016 23:38:01.763,3942.913
30 May 2016 00:03:47.305,30 May 2016 01:09:18.439,3931.134
30 May 2016 01:35:15.511,30 May 2016 02:40:35.104,3919.593
30 May 2016 03:06:43.474,30 May 2016 04:11:51.757,3908.283
30 May 2016 04:38:11.209,30 May 2016 05:43:08.407,3897.199
30 May 2016 06:09:38.710,30 May 2016 07:14:25.041,3886.331
30 May 2016 07:41:05.991,30 May 2016 08:45:41.671,3875.680
30 May 2016 09:12:33.053,30 May 2016 10:16:58.288,3865.234
30 May 2016 10:43:59.904,30 May 2016 11:48:14.890,3854.986
30 May 2016 12:15:26.543,30 May 2016 13:19:31.486,3844.942
30 May 2016 13:46:52.973,30 May 2016 14:50:48.067,3835.094
30 May 2016 15:18:19.209,30 May 2016 16:22:04.634,3825.425
30 May 2016 16:49:45.242,30 May 2016 17:53:21.192,3815.950
30 May 2016 18:21:11.085,30 May 2016 19:24:37.732,3806.647
30 May 2016 19:52:36.740,30 May 2016 20:55:54.264,3797.524
30 May 2016 21:24:02.211,30 May 2016 22:27:10.777,3788.567
30 May 2016 22:55:27.500,30 May 2016 23:58:27.279,3779.779
31 May 2016 00:26:52.612,31 May 2016 01:29:43.770,3771.157
31 May 2016 01:58:17.551,31 May 2016 03:01:00.239,3762.688
31 May 2016 03:29:42.320,31 May 2016 04:32:16.697,3754.376
31 May 2016 05:01:06.920,31 May 2016 06:03:33.139,3746.219
31 May 2016 06:32:31.362,31 May 2016 07:34:49.568,3738.205
31 May 2016 08:03:55.635,31 May 2016 09:06:05.982,3730.347
31 May 2016 09:35:19.755,31 May 2016 10:37:22.378,3722.623
31 May 2016 11:06:43.721,31 May 2016 12:08:38.756,3715.035
31 May 2016 12:38:07.535,31 May 2016 13:39:55.123,3707.588
31 May 2016 14:09:31.203,31 May 2016 15:11:11.471,3700.268
31 May 2016 15:40:54.723,31 May 2016 16:42:27.803,3693.080
31 May 2016 17:12:18.097,31 May 2016 18:13:44.118,3686.021
31 May 2016 18:43:41.335,31 May 2016 19:45:00.416,3679.081
31 May 2016 20:15:04.434,31 May 2016 21:16:16.695,3672.262
31 May 2016 21:46:27.393,31 May 2016 22:47:32.963,3665.570
31 May 2016 23:17:50.228,1 Jun 2016 00:18:49.208,3658.981
1 Jun 2016 00:49:12.922,1 Jun 2016 01:50:05.439,3652.518
1 Jun 2016 02:20:35.492,1 Jun 2016 03:21:21.652,3646.160
1 Jun 2016 03:51:57.941,1 Jun 2016 04:52:37.850,3639.909
1 Jun 2016 05:23:20.258,1 Jun 2016 06:23:54.028,3633.770
1 Jun 2016 06:54:42.457,1 Jun 2016 07:55:10.186,3627.729
1 Jun 2016 08:26:04.536,1 Jun 2016 09:26:26.331,3621.796
1 Jun 2016 09:57:26.497,1 Jun 2016 10:57:42.454,3615.957
1 Jun 2016 11:28:48.343,1 Jun 2016 12:28:58.564,3610.221
1 Jun 2016 13:00:10.075,1 Jun 2016 14:00:14.651,3604.576
1 Jun 2016 14:31:31.695,1 Jun 2016 15:31:30.725,3599.030
1 Jun 2016 16:02:53.205,1 Jun 2016 17:02:46.778,3593.573
1 Jun 2016 17:34:14.607,1 Jun 2016 18:34:02.813,3588.207
1 Jun 2016 19:05:35.902,1 Jun 2016 20:05:18.831,3582.928
1 Jun 2016 20:36:57.095,1 Jun 2016 21:36:34.829,3577.735
1 Jun 2016 22:08:18.182,1 Jun 2016 23:07:50.810,3572.628
1 Jun 2016 23:39:39.165,2 Jun 2016 00:39:06.772,3567.607
2 Jun 2016 01:11:00.051,2 Jun 2016 02:10:22.716,3562.665
2 Jun 2016 02:42:20.837,2 Jun 2016 03:41:38.639,3557.802
2 Jun 2016 04:13:41.527,2 Jun 2016 05:12:54.546,3553.019
2 Jun 2016 05:45:02.121,2 Jun 2016 06:44:10.437,3548.316
2 Jun 2016 07:16:22.622,2 Jun 2016 08:15:26.307,3543.685
2 Jun 2016 08:47:43.029,2 Jun 2016 09:46:42.158,3539.129
2 Jun 2016 10:19:03.345,2 Jun 2016 11:17:57.989,3534.644
2 Jun 2016 11:50:23.572,2 Jun 2016 12:49:13.805,3530.233
2 Jun 2016 13:21:43.712,2 Jun 2016 14:20:29.600,3525.888
2 Jun 2016 14:53:03.759,2 Jun 2016 15:51:45.377,3521.618
2 Jun 2016 16:24:23.723,2 Jun 2016 17:23:01.135,3517.412
2 Jun 2016 17:55:43.604,2 Jun 2016 18:54:16.875,3513.270
2 Jun 2016 19:27:03.397,2 Jun 2016 20:25:32.593,3509.196
2 Jun 2016 20:58:23.109,2 Jun 2016 21:56:48.295,3505.186
2 Jun 2016 22:29:42.740,2 Jun 2016 23:28:03.979,3501.239
3 Jun 2016 00:01:02.290,3 Jun 2016 00:59:19.643,3497.352
3 Jun 2016 01:32:21.762,3 Jun 2016 02:30:35.288,3493.527
3 Jun 2016 03:03:41.154,3 Jun 2016 04:01:50.915,3489.761
3 Jun 2016 04:35:00.470,3 Jun 2016 05:33:06.524,3486.054
3 Jun 2016 06:06:19.712,3 Jun 2016 07:04:22.113,3482.402
3 Jun 2016 07:37:38.876,3 Jun 2016 08:35:37.686,3478.811
3 Jun 2016 09:08:57.963,3 Jun 2016 10:06:53.238,3475.275
3 Jun 2016 10:40:16.979,3 Jun 2016 11:38:08.771,3471.792
3 Jun 2016 12:11:35.923,3 Jun 2016 13:09:24.286,3468.363
3 Jun 2016 13:42:54.800,3 Jun 2016 14:40:39.781,3464.982
3 Jun 2016 15:14:13.597,3 Jun 2016 16:11:55.258,3461.661
3 Jun 2016 16:45:32.329,3 Jun 2016 17:43:10.716,3458.387
3 Jun 2016 18:16:50.992,3 Jun 2016 19:14:26.156,3455.164
3 Jun 2016 19:48:09.590,3 Jun 2016 20:45:41.576,3451.987
3 Jun 2016 21:19:28.115,3 Jun 2016 22:16:56.978,3448.864
3 Jun 2016 22:50:46.576,3 Jun 2016 23:48:12.362,3445.786
4 Jun 2016 00:22:04.972,4 Jun 2016 01:19:27.726,3442.755
4 Jun 2016 01:53:23.302,4 Jun 2016 02:50:43.072,3439.770
4 Jun 2016 03:24:41.571,4 Jun 2016 04:21:58.400,3436.829
4 Jun 2016 04:55:59.774,4 Jun 2016 05:53:13.708,3433.934
4 Jun 2016 06:27:17.914,4 Jun 2016 07:24:28.996,3431.082
4 Jun 2016 07:58:35.993,4 Jun 2016 08:55:44.267,3428.274
4 Jun 2016 09:29:54.009,4 Jun 2016 10:26:59.520,3425.511
4 Jun 2016 11:01:11.965,4 Jun 2016 11:58:14.757,3422.792
4 Jun 2016 12:32:29.859,4 Jun 2016 13:29:29.970,3420.111
4 Jun 2016 14:03:47.695,4 Jun 2016 15:00:45.167,3417.472
4 Jun 2016 15:35:05.476,4 Jun 2016 16:32:00.346,3414.870
4 Jun 2016 17:06:23.196,4 Jun 2016 18:03:15.506,3412.310
4 Jun 2016 18:37:40.856,4 Jun 2016 19:34:30.648,3409.793
4 Jun 2016 20:08:58.464,4 Jun 2016 21:05:45.772,3407.307
4 Jun 2016 21:40:16.010,4 Jun 2016 22:37:00.877,3404.866
4 Jun 2016 23:11:33.504,5 Jun 2016 00:08:15.964,3402.460
5 Jun 2016 00:42:50.945,5 Jun 2016 01:39:31.032,3400.087
5 Jun 2016 02:14:08.326,5 Jun 2016 03:10:46.082,3397.756
5 Jun 2016 03:45:25.659,5 Jun 2016 04:42:01.114,3395.455
5 Jun 2016 05:16:42.932,5 Jun 2016 06:13:16.128,3393.196
5 Jun 2016 06:48:00.158,5 Jun 2016 07:44:31.123,3390.965
5 Jun 2016 08:19:17.326,5 Jun 2016 09:15:46.101,3388.774
5 Jun 2016 09:50:34.445,5 Jun 2016 10:47:01.060,3386.614
5 Jun 2016 11:21:51.513,5 Jun 2016 12:18:16.001,3384.488
5 Jun 2016 12:53:08.530,5 Jun 2016 13:49:30.924,3382.395
5 Jun 2016 14:24:25.496,5 Jun 2016 15:20:45.829,3380.333
5 Jun 2016 15:55:42.412,5 Jun 2016 16:52:00.716,3378.304
5 Jun 2016 17:26:59.281,5 Jun 2016 18:23:15.585,3376.305
5 Jun 2016 18:58:16.098,5 Jun 2016 19:54:30.437,3374.338
5 Jun 2016 20:29:32.867,5 Jun 2016 21:25:45.270,3372.403
5 Jun 2016 22:00:49.588,5 Jun 2016 22:57:00.086,3370.498
5 Jun 2016 23:32:06.261,6 Jun 2016 00:28:14.884,3368.623
6 Jun 2016 01:03:22.886,6 Jun 2016 01:59:29.664,3366.777
6 Jun 2016 02:34:39.463,6 Jun 2016 03:30:44.429,3364.966
6 Jun 2016 04:05:55.998,6 Jun 2016 05:01:59.171,3363.173
6 Jun 2016 05:37:12.481,6 Jun 2016 06:33:13.901,3361.420
6 Jun 2016 07:08:28.925,6 Jun 2016 08:04:28.608,3359.683
6 Jun 2016 08:39:45.320,6 Jun 2016 09:35:43.300,3357.980
6 Jun 2016 10:11:01.669,6 Jun 2016 11:06:57.975,3356.306
6 Jun 2016 11:42:17.976,6 Jun 2016 12:38:12.632,3354.656
6 Jun 2016 13:13:34.238,6 Jun 2016 14:09:27.272,3353.034
6 Jun 2016 14:44:50.456,6 Jun 2016 15:40:41.895,3351.439
6 Jun 2016 16:16:06.631,6 Jun 2016 17:11:56.500,3349.869
6 Jun 2016 17:47:22.763,6 Jun 2016 18:43:11.088,3348.326
6 Jun 2016 19:18:38.849,6 Jun 2016 20:14:25.659,3346.810
6 Jun 2016 20:49:54.896,6 Jun 2016 21:45:40.213,3345.317
6 Jun 2016 22:21:10.901,6 Jun 2016 23:16:54.750,3343.849
6 Jun 2016 23:52:26.864,7 Jun 2016 00:48:09.270,3342.406
7 Jun 2016 01:23:42.786,7 Jun 2016 02:19:23.773,3340.987
7 Jun 2016 02:54:58.667,7 Jun 2016 03:50:38.259,3339.592
7 Jun 2016 04:26:14.507,7 Jun 2016 05:21:52.728,3338.221
7 Jun 2016 05:57:30.307,7 Jun 2016 06:53:07.180,3336.873
7 Jun 2016 07:28:46.067,7 Jun 2016 08:24:21.616,3335.549
7 Jun 2016 09:00:01.787,7 Jun 2016 09:55:36.035,3334.247
7 Jun 2016 10:31:17.468,7 Jun 2016 11:26:50.437,3332.969
7 Jun 2016 12:02:33.110,7 Jun 2016 12:58:04.823,3331.713
7 Jun 2016 13:33:48.713,7 Jun 2016 14:29:19.192,3330.479
7 Jun 2016 15:05:04.280,7 Jun 2016 16:00:33.545,3329.265
7 Jun 2016 16:36:19.806,7 Jun 2016 17:31:47.881,3328.075
7 Jun 2016 18:07:35.295,7 Jun 2016 19:03:02.201,3326.906
7 Jun 2016 19:38:50.746,7 Jun 2016 20:34:16.507,3325.761
7 Jun 2016 21:10:06.160,7 Jun 2016 22:05:30.795,3324.635
7 Jun 2016 22:41:21.536,7 Jun 2016 23:36:45.069,3323.533
8 Jun 2016 00:12:36.876,8 Jun 2016 01:07:59.319,3322.443
8 Jun 2016 01:43:52.179,8 Jun 2016 02:39:13.558,3321.379
8 Jun 2016 03:15:07.446,8 Jun 2016 04:10:27.782,3320.335
8 Jun 2016 04:46:22.675,8 Jun 2016 05:41:41.989,3319.314
8 Jun 2016 06:17:37.870,8 Jun 2016 07:12:56.181,3318.310
8 Jun 2016 07:48:53.033,8 Jun 2016 08:44:10.356,3317.324
8 Jun 2016 09:20:08.158,8 Jun 2016 10:15:24.517,3316.359
8 Jun 2016 10:51:23.250,8 Jun 2016 11:46:38.661,3315.411
8 Jun 2016 12:22:38.300,8 Jun 2016 13:17:52.790,3314.489
8 Jun 2016 13:53:53.321,8 Jun 2016 14:49:06.903,3313.582
8 Jun 2016 15:25:08.308,8 Jun 2016 16:20:21.001,3312.693
8 Jun 2016 16:56:23.260,8 Jun 2016 17:51:35.084,3311.823
8 Jun 2016 18:27:38.179,8 Jun 2016 19:22:49.151,3310.971
8 Jun 2016 19:58:53.065,8 Jun 2016 20:54:03.203,3310.138
8 Jun 2016 21:30:07.917,8 Jun 2016 22:25:17.239,3309.322
8 Jun 2016 23:01:22.737,8 Jun 2016 23:56:31.261,3308.525
9 Jun 2016 00:32:37.523,9 Jun 2016 01:27:45.268,3307.745
9 Jun 2016 02:03:52.277,9 Jun 2016 02:58:59.259,3306.982
9 Jun 2016 03:35:06.999,9 Jun 2016 04:30:13.236,3306.237
9 Jun 2016 05:06:21.689,9 Jun 2016 06:01:27.198,3305.509
9 Jun 2016 06:37:36.347,9 Jun 2016 07:32:41.145,3304.799
9 Jun 2016 08:08:50.973,9 Jun 2016 09:03:55.078,3304.105
9 Jun 2016 09:40:05.568,9 Jun 2016 10:35:08.996,3303.428
9 Jun 2016 11:11:20.131,9 Jun 2016 12:06:22.899,3302.768
9 Jun 2016 12:42:34.664,9 Jun 2016 13:37:36.790,3302.126
9 Jun 2016 14:13:49.166,9 Jun 2016 15:08:50.662,3301.496
9 Jun 2016 15:45:03.637,9 Jun 2016 16:40:04.525,3300.888
9 Jun 2016 17:16:18.079,9 Jun 2016 18:11:18.373,3300.295
9 Jun 2016 18:47:32.489,9 Jun 2016 19:42:32.205,3299.716
9 Jun 2016 20:18:46.871,9 Jun 2016 21:13:46.018,3299.147
9 Jun 2016 21:50:01.222,9 Jun 2016 22:44:59.821,3298.600
9 Jun 2016 23:21:15.546,10 Jun 2016 00:16:13.611,3298.065
10 Jun 2016 00:52:29.836,10 Jun 2016 01:47:27.392,3297.556
10 Jun 2016 02:23:44.102,10 Jun 2016 03:18:41.149,3297.047
10 Jun 2016 03:54:58.334,10 Jun 2016 04:49:54.897,3296.563
10 Jun 2016 05:26:12.544,10 Jun 2016 06:21:08.632,3296.088
10 Jun 2016 06:57:26.722,10 Jun 2016 07:52:22.353,3295.631
10 Jun 2016 08:28:40.867,10 Jun 2016 09:23:36.061,3295.194
10 Jun 2016 09:59:54.988,10 Jun 2016 10:54:49.760,3294.772
10 Jun 2016 11:31:09.086,10 Jun 2016 12:26:03.436,3294.350
10 Jun 2016 13:02:23.146,10 Jun 2016 13:57:17.109,3293.962
10 Jun 2016 14:33:37.189,10 Jun 2016 15:28:30.758,3293.569
10 Jun 2016 16:04:51.200,10 Jun 2016 16:59:44.405,3293.205
10 Jun 2016 17:36:05.183,10 Jun 2016 18:30:58.028,3292.845
10 Jun 2016 19:07:19.135,10 Jun 2016 20:02:11.643,3292.509
10 Jun 2016 20:38:33.064,10 Jun 2016 21:33:25.251,3292.187
10 Jun 2016 22:09:46.967,10 Jun 2016 23:04:38.836,3291.868
10 Jun 2016 23:41:00.844,11 Jun 2016 00:35:52.413,3291.569
11 Jun 2016 01:12:14.700,11 Jun 2016 02:07:05.978,3291.278
11 Jun 2016 02:43:28.524,11 Jun 2016 03:38:19.530,3291.005
11 Jun 2016 04:14:42.318,11 Jun 2016 05:09:33.069,3290.751
11 Jun 2016 05:45:56.096,11 Jun 2016 06:40:46.600,3290.504
11 Jun 2016 07:17:09.839,11 Jun 2016 08:12:00.114,3290.275
11 Jun 2016 08:48:23.561,11 Jun 2016 09:43:13.614,3290.053
11 Jun 2016 10:19:37.258,11 Jun 2016 11:14:27.107,3289.849
11 Jun 2016 11:50:50.934,11 Jun 2016 12:45:40.587,3289.653
11 Jun 2016 13:22:04.581,11 Jun 2016 14:16:54.054,3289.473
11 Jun 2016 14:53:18.201,11 Jun 2016 15:48:07.509,3289.308
11 Jun 2016 16:24:31.802,11 Jun 2016 17:19:20.951,3289.149
11 Jun 2016 17:55:45.379,11 Jun 2016 18:50:34.379,3289.000
11 Jun 2016 19:26:58.929,11 Jun 2016 20:21:47.798,3288.869
11 Jun 2016 20:58:12.452,11 Jun 2016 21:53:01.211,3288.758
11 Jun 2016 22:29:25.959,11 Jun 2016 23:24:14.607,3288.649
12 Jun 2016 00:00:39.433,12 Jun 2016 00:55:27.988,3288.555
12 Jun 2016 01:31:52.894,12 Jun 2016 02:26:41.366,3288.473
12 Jun 2016 03:03:06.327,12 Jun 2016 03:57:54.724,3288.398
12 Jun 2016 04:34:19.732,12 Jun 2016 05:29:08.081,3288.349
12 Jun 2016 06:05:33.119,12 Jun 2016 07:00:21.421,3288.302
12 Jun 2016 07:36:46.488,12 Jun 2016 08:31:34.746,3288.258
12 Jun 2016 09:07:59.830,12 Jun 2016 10:02:48.069,3288.239
12 Jun 2016 10:39:13.149,12 Jun 2016 11:34:01.372,3288.223
12 Jun 2016 12:10:26.447,12 Jun 2016 13:05:14.669,3288.222
12 Jun 2016 13:41:39.722,12 Jun 2016 14:36:27.960,3288.238
12 Jun 2016 15:12:52.971,12 Jun 2016 16:07:41.231,3288.260
12 Jun 2016 16:44:06.204,12 Jun 2016 17:38:54.501,3288.297
12 Jun 2016 18:15:19.415,12 Jun 2016 19:10:07.751,3288.336
12 Jun 2016 19:46:32.604,12 Jun 2016 20:41:21.000,3288.396
12 Jun 2016 21:17:45.776,12 Jun 2016 22:12:34.230,3288.453
12 Jun 2016 22:48:58.922,12 Jun 2016 23:43:47.454,3288.531
13 Jun 2016 00:20:12.049,13 Jun 2016 01:15:00.672,3288.623
13 Jun 2016 01:51:25.156,13 Jun 2016 02:46:13.874,3288.718
13 Jun 2016 03:22:38.237,13 Jun 2016 04:17:27.065,3288.829
13 Jun 2016 04:53:51.307,13 Jun 2016 05:48:40.249,3288.942
13 Jun 2016 06:25:04.347,13 Jun 2016 07:19:53.423,3289.076
13 Jun 2016 07:56:17.377,13 Jun 2016 08:51:06.588,3289.211
13 Jun 2016 09:27:30.378,13 Jun 2016 10:22:19.747,3289.370
13 Jun 2016 10:58:43.368,13 Jun 2016 11:53:32.893,3289.524
13 Jun 2016 12:29:56.330,13 Jun 2016 13:24:46.029,3289.699
13 Jun 2016 14:01:09.277,13 Jun 2016 14:55:59.155,3289.878
13 Jun 2016 15:32:22.205,13 Jun 2016 16:27:12.272,3290.067
13 Jun 2016 17:03:35.115,13 Jun 2016 17:58:25.374,3290.260
13 Jun 2016 18:34:48.007,13 Jun 2016 19:29:38.478,3290.471
13 Jun 2016 20:06:00.879,13 Jun 2016 21:00:51.567,3290.688
13 Jun 2016 21:37:13.728,13 Jun 2016 22:32:04.642,3290.914
13 Jun 2016 23:08:26.567,14 Jun 2016 00:03:17.713,3291.146
14 Jun 2016 00:39:39.380,14 Jun 2016 01:34:30.775,3291.395
14 Jun 2016 02:10:52.183,14 Jun 2016 03:05:43.828,3291.645
14 Jun 2016 03:42:04.959,14 Jun 2016 04:36:56.873,3291.914
14 Jun 2016 05:13:17.727,14 Jun 2016 06:08:09.908,3292.181
14 Jun 2016 06:44:30.468,14 Jun 2016 07:39:22.935,3292.467
14 Jun 2016 08:15:43.196,14 Jun 2016 09:10:35.953,3292.757
14 Jun 2016 09:46:55.907,14 Jun 2016 10:41:48.963,3293.056
14 Jun 2016 11:18:08.601,14 Jun 2016 12:13:01.964,3293.363
14 Jun 2016 12:49:21.278,14 Jun 2016 13:44:14.957,3293.678
14 Jun 2016 14:20:33.939,14 Jun 2016 15:15:27.941,3294.002
14 Jun 2016 15:51:46.583,14 Jun 2016 16:46:40.917,3294.334
14 Jun 2016 17:22:59.210,14 Jun 2016 18:17:53.884,3294.674
14 Jun 2016 18:54:11.821,14 Jun 2016 19:49:06.843,3295.022
14 Jun 2016 20:25:24.416,14 Jun 2016 21:20:19.794,3295.378
14 Jun 2016 21:56:36.996,14 Jun 2016 22:51:32.738,3295.742
14 Jun 2016 23:27:49.559,15 Jun 2016 00:22:45.674,3296.115
15 Jun 2016 00:59:02.107,15 Jun 2016 01:53:58.600,3296.494
15 Jun 2016 02:30:14.639,15 Jun 2016 03:25:11.521,3296.882
15 Jun 2016 04:01:27.156,15 Jun 2016 04:56:24.427,3297.271
15 Jun 2016 05:32:39.658,15 Jun 2016 06:27:37.334,3297.677
15 Jun 2016 07:03:52.144,15 Jun 2016 07:58:50.224,3298.079
15 Jun 2016 08:35:04.616,15 Jun 2016 09:30:03.110,3298.494
15 Jun 2016 10:06:17.076,15 Jun 2016 11:01:15.989,3298.913
15 Jun 2016 11:37:29.516,15 Jun 2016 12:32:28.860,3299.344
15 Jun 2016 13:08:41.944,15 Jun 2016 14:03:41.723,3299.779
15 Jun 2016 14:39:54.362,15 Jun 2016 15:34:54.578,3300.215
15 Jun 2016 16:11:06.757,15 Jun 2016 17:06:07.425,3300.668
15 Jun 2016 17:42:19.148,15 Jun 2016 18:37:20.265,3301.117
15 Jun 2016 19:13:31.514,15 Jun 2016 20:08:33.097,3301.582
15 Jun 2016 20:44:43.872,15 Jun 2016 21:39:45.921,3302.049
15 Jun 2016 22:15:56.217,15 Jun 2016 23:10:58.737,3302.521
15 Jun 2016 23:47:08.548,16 Jun 2016 00:42:11.546,3302.998
16 Jun 2016 01:18:20.865,16 Jun 2016 02:13:24.347,3303.482
16 Jun 2016 02:49:33.170,16 Jun 2016 03:44:37.140,3303.970
16 Jun 2016 04:20:45.461,16 Jun 2016 05:15:49.926,3304.465
16 Jun 2016 05:51:57.740,16 Jun 2016 06:47:02.704,3304.964
16 Jun 2016 07:23:10.006,16 Jun 2016 08:18:15.474,3305.468
16 Jun 2016 08:54:22.259,16 Jun 2016 09:49:28.236,3305.977
16 Jun 2016 10:25:34.499,16 Jun 2016 11:20:40.991,3306.491
16 Jun 2016 11:56:46.727,16 Jun 2016 12:51:53.738,3307.010
16 Jun 2016 13:27:58.943,16 Jun 2016 14:23:06.477,3307.533
16 Jun 2016 14:59:11.147,16 Jun 2016 15:54:19.208,3308.061
16 Jun 2016 16:30:23.339,16 Jun 2016 17:25:31.931,3308.592
16 Jun 2016 18:01:35.519,16 Jun 2016 18:56:44.647,3309.128
16 Jun 2016 19:32:47.687,16 Jun 2016 20:27:57.356,3309.669
16 Jun 2016 21:03:59.844,16 Jun 2016 21:59:10.055,3310.211
16 Jun 2016 22:35:11.991,16 Jun 2016 23:30:22.749,3310.758
17 Jun 2016 00:06:24.124,17 Jun 2016 01:01:35.430,3311.306
17 Jun 2016 01:37:36.246,17 Jun 2016 02:32:48.106,3311.860
17 Jun 2016 03:08:48.357,17 Jun 2016 04:04:00.774,3312.416
17 Jun 2016 04:40:00.457,17 Jun 2016 05:35:13.433,3312.976
17 Jun 2016 06:11:12.544,17 Jun 2016 07:06:26.084,3313.541
17 Jun 2016 07:42:24.624,17 Jun 2016 08:37:38.727,3314.103
17 Jun 2016 09:13:36.691,17 Jun 2016 10:08:51.362,3314.671
17 Jun 2016 10:44:48.747,17 Jun 2016 11:40:03.988,3315.241
17 Jun 2016 12:16:00.791,17 Jun 2016 13:11:16.606,3315.815
17 Jun 2016 13:47:12.826,17 Jun 2016 14:42:29.215,3316.389
17 Jun 2016 15:18:24.851,17 Jun 2016 16:13:41.815,3316.965
17 Jun 2016 16:49:36.865,17 Jun 2016 17:44:54.407,3317.542
17 Jun 2016 18:20:48.870,17 Jun 2016 19:16:06.990,3318.120
17 Jun 2016 19:52:00.864,17 Jun 2016 20:47:19.564,3318.700
17 Jun 2016 21:23:12.848,17 Jun 2016 22:18:32.129,3319.281
17 Jun 2016 22:54:24.822,17 Jun 2016 23:49:44.684,3319.863
18 Jun 2016 00:25:36.786,18 Jun 2016 01:20:57.231,3320.445
18 Jun 2016 01:56:48.740,18 Jun 2016 02:52:09.768,3321.028
18 Jun 2016 03:28:00.684,18 Jun 2016 04:23:22.295,3321.611
18 Jun 2016 04:59:12.619,18 Jun 2016 05:54:34.813,3322.195
18 Jun 2016 06:30:24.543,18 Jun 2016 07:25:47.321,3322.778
18 Jun 2016 08:01:36.459,18 Jun 2016 08:56:59.820,3323.361
18 Jun 2016 09:32:48.366,18 Jun 2016 10:28:12.308,3323.941
18 Jun 2016 11:04:00.262,18 Jun 2016 11:59:24.786,3324.523
18 Jun 2016 12:35:12.149,18 Jun 2016 13:30:37.253,3325.105
18 Jun 2016 14:06:24.026,18 Jun 2016 15:01:49.711,3325.685
18 Jun 2016 15:37:35.893,18 Jun 2016 16:33:02.157,3326.264
18 Jun 2016 17:08:47.751,18 Jun 2016 18:04:14.593,3326.842
18 Jun 2016 18:39:59.600,18 Jun 2016 19:35:27.017,3327.418
18 Jun 2016 20:11:11.439,18 Jun 2016 21:06:39.431,3327.992
18 Jun 2016 21:42:23.269,18 Jun 2016 22:37:51.833,3328.564
18 Jun 2016 23:13:35.090,19 Jun 2016 00:09:04.224,3329.134
19 Jun 2016 00:44:46.901,19 Jun 2016 01:40:16.602,3329.702
19 Jun 2016 02:15:58.703,19 Jun 2016 03:11:28.969,3330.267
19 Jun 2016 03:47:10.495,19 Jun 2016 04:42:41.324,3330.829
19 Jun 2016 05:18:22.279,19 Jun 2016 06:13:53.666,3331.388
19 Jun 2016 06:49:34.052,19 Jun 2016 07:45:05.996,3331.944
19 Jun 2016 08:20:45.817,19 Jun 2016 09:16:18.313,3332.496
19 Jun 2016 09:51:57.570,19 Jun 2016 10:47:30.617,3333.048
19 Jun 2016 11:23:09.315,19 Jun 2016 12:18:42.908,3333.593
19 Jun 2016 12:54:21.051,19 Jun 2016 13:49:55.186,3334.134
19 Jun 2016 14:25:32.778,19 Jun 2016 15:21:07.449,3334.671
19 Jun 2016 15:56:44.495,19 Jun 2016 16:52:19.699,3335.204
19 Jun 2016 17:27:56.203,19 Jun 2016 18:23:31.935,3335.731
19 Jun 2016 18:59:07.901,19 Jun 2016 19:54:44.156,3336.255
19 Jun 2016 20:30:19.590,19 Jun 2016 21:25:56.362,3336.772
19 Jun 2016 22:01:31.268,19 Jun 2016 22:57:08.553,3337.285
19 Jun 2016 23:32:42.937,20 Jun 2016 00:28:20.730,3337.792
20 Jun 2016 01:03:54.596,20 Jun 2016 01:59:32.890,3338.294
20 Jun 2016 02:35:06.247,20 Jun 2016 03:30:45.036,3338.789
20 Jun 2016 04:06:17.884,20 Jun 2016 05:01:57.165,3339.281
20 Jun 2016 05:37:29.515,20 Jun 2016 06:33:09.277,3339.762
20 Jun 2016 07:08:41.131,20 Jun 2016 08:04:21.373,3340.241
20 Jun 2016 08:39:52.742,20 Jun 2016 09:35:33.451,3340.709
20 Jun 2016 10:11:04.339,20 Jun 2016 11:06:45.512,3341.173
20 Jun 2016 11:42:15.924,20 Jun 2016 12:37:57.556,3341.632
20 Jun 2016 13:13:27.501,20 Jun 2016 14:09:09.582,3342.081
20 Jun 2016 14:44:39.066,20 Jun 2016 15:40:21.590,3342.523
20 Jun 2016 16:15:50.624,20 Jun 2016 17:11:33.580,3342.957
20 Jun 2016 17:47:02.164,20 Jun 2016 18:42:45.550,3343.386
20 Jun 2016 19:18:13.697,20 Jun 2016 20:13:57.500,3343.803
20 Jun 2016 20:49:25.219,20 Jun 2016 21:45:09.431,3344.212
20 Jun 2016 22:20:36.729,20 Jun 2016 23:16:21.343,3344.614
20 Jun 2016 23:51:48.226,21 Jun 2016 00:47:33.234,3345.008
21 Jun 2016 01:22:59.710,21 Jun 2016 02:18:45.105,3345.395
21 Jun 2016 02:54:11.185,21 Jun 2016 03:49:56.955,3345.769
21 Jun 2016 04:25:22.646,21 Jun 2016 05:21:08.783,3346.137
21 Jun 2016 05:56:34.095,21 Jun 2016 06:52:20.590,3346.495
21 Jun 2016 07:27:45.529,21 Jun 2016 08:23:32.375,3346.846
21 Jun 2016 08:58:56.953,21 Jun 2016 09:54:44.138,3347.185
21 Jun 2016 10:30:08.364,21 Jun 2016 11:25:55.877,3347.513
21 Jun 2016 12:01:19.761,21 Jun 2016 12:57:07.594,3347.833
21 Jun 2016 13:32:31.143,21 Jun 2016 14:28:19.288,3348.144
21 Jun 2016 15:03:42.513,21 Jun 2016 15:59:30.957,3348.444
21 Jun 2016 16:34:53.868,21 Jun 2016 17:30:42.604,3348.735
21 Jun 2016 18:06:05.210,21 Jun 2016 19:01:54.224,3349.014
21 Jun 2016 19:37:16.537,21 Jun 2016 20:33:05.820,3349.283
21 Jun 2016 21:08:27.849,21 Jun 2016 22:04:17.390,3349.541
21 Jun 2016 22:39:39.147,21 Jun 2016 23:35:28.935,3349.789
22 Jun 2016 00:10:50.430,22 Jun 2016 01:06:40.454,3350.024
22 Jun 2016 01:42:01.696,22 Jun 2016 02:37:51.946,3350.249
22 Jun 2016 03:13:12.947,22 Jun 2016 04:09:03.411,3350.464
22 Jun 2016 04:44:24.180,22 Jun 2016 05:40:14.849,3350.669
22 Jun 2016 06:15:35.398,22 Jun 2016 07:11:26.259,3350.861
22 Jun 2016 07:46:46.600,22 Jun 2016 08:42:37.640,3351.040
22 Jun 2016 09:17:57.785,22 Jun 2016 10:13:48.994,3351.209
22 Jun 2016 10:49:08.955,22 Jun 2016 11:45:00.319,3351.363
22 Jun 2016 12:20:20.103,22 Jun 2016 13:16:11.614,3351.511
22 Jun 2016 13:51:31.235,22 Jun 2016 14:47:22.880,3351.645
22 Jun 2016 15:22:42.349,22 Jun 2016 16:18:34.116,3351.768
22 Jun 2016 16:53:53.447,22 Jun 2016 17:49:45.321,3351.874
22 Jun 2016 18:25:04.522,22 Jun 2016 19:20:56.497,3351.975
22 Jun 2016 19:56:15.579,22 Jun 2016 20:52:07.642,3352.063
22 Jun 2016 21:27:26.617,22 Jun 2016 22:23:18.752,3352.135
22 Jun 2016 22:58:37.635,22 Jun 2016 23:54:29.832,3352.197
23 Jun 2016 00:29:48.633,23 Jun 2016 01:25:40.880,3352.247
23 Jun 2016 02:00:59.611,23 Jun 2016 02:56:51.895,3352.284
23 Jun 2016 03:32:10.568,23 Jun 2016 04:28:02.877,3352.309
23 Jun 2016 05:03:21.503,23 Jun 2016 05:59:13.825,3352.322
23 Jun 2016 06:34:32.418,23 Jun 2016 07:30:24.740,3352.322
23 Jun 2016 08:05:43.310,23 Jun 2016 09:01:35.620,3352.310
23 Jun 2016 09:36:54.182,23 Jun 2016 10:32:46.466,3352.283
23 Jun 2016 11:08:05.029,23 Jun 2016 12:03:57.276,3352.247
23 Jun 2016 12:39:15.851,23 Jun 2016 13:35:08.051,3352.201
23 Jun 2016 14:10:26.654,23 Jun 2016 15:06:18.791,3352.137
23 Jun 2016 15:41:37.432,23 Jun 2016 16:37:29.494,3352.063
23 Jun 2016 17:12:48.182,23 Jun 2016 18:08:40.162,3351.981
23 Jun 2016 18:43:58.910,23 Jun 2016 19:39:50.792,3351.883
23 Jun 2016 20:15:09.613,23 Jun 2016 21:11:01.385,3351.772
23 Jun 2016 21:46:20.291,23 Jun 2016 22:42:11.940,3351.650
23 Jun 2016 23:17:30.943,24 Jun 2016 00:13:22.458,3351.515
24 Jun 2016 00:48:41.569,24 Jun 2016 01:44:32.937,3351.368
24 Jun 2016 02:19:52.170,24 Jun 2016 03:15:43.378,3351.208
24 Jun 2016 03:51:02.743,24 Jun 2016 04:46:53.779,3351.037
24 Jun 2016 05:22:13.286,24 Jun 2016 06:18:04.142,3350.856
24 Jun 2016 06:53:23.804,24 Jun 2016 07:49:14.465,3350.661
24 Jun 2016 08:24:34.293,24 Jun 2016 09:20:24.748,3350.454
24 Jun 2016 09:55:44.757,24 Jun 2016 10:51:34.990,3350.232
24 Jun 2016 11:26:55.190,24 Jun 2016 12:22:45.192,3350.002
24 Jun 2016 12:58:05.591,24 Jun 2016 13:53:55.354,3349.763
24 Jun 2016 14:29:15.967,24 Jun 2016 15:25:05.474,3349.507
24 Jun 2016 16:00:26.310,24 Jun 2016 16:56:15.553,3349.243
24 Jun 2016 17:31:36.621,24 Jun 2016 18:27:25.590,3348.969
24 Jun 2016 19:02:46.903,24 Jun 2016 19:58:35.586,3348.682
24 Jun 2016 20:33:57.157,24 Jun 2016 21:29:45.539,3348.381
24 Jun 2016 22:05:07.377,24 Jun 2016 23:00:55.449,3348.072
24 Jun 2016 23:36:17.563,25 Jun 2016 00:32:05.319,3347.756
25 Jun 2016 01:07:27.722,25 Jun 2016 02:03:15.144,3347.422
25 Jun 2016 02:38:37.843,25 Jun 2016 03:34:24.923,3347.080
25 Jun 2016 04:09:47.930,25 Jun 2016 05:05:34.661,3346.731
25 Jun 2016 05:40:57.986,25 Jun 2016 06:36:44.355,3346.369
25 Jun 2016 07:12:08.011,25 Jun 2016 08:07:54.005,3345.994
25 Jun 2016 08:43:17.999,25 Jun 2016 09:39:03.610,3345.612
25 Jun 2016 10:14:27.952,25 Jun 2016 11:10:13.171,3345.219
25 Jun 2016 11:45:37.870,25 Jun 2016 12:41:22.687,3344.817
25 Jun 2016 13:16:47.754,25 Jun 2016 14:12:32.159,3344.405
25 Jun 2016 14:47:57.598,25 Jun 2016 15:43:41.585,3343.987
25 Jun 2016 16:19:07.412,25 Jun 2016 17:14:50.966,3343.554
25 Jun 2016 17:50:17.187,25 Jun 2016 18:46:00.301,3343.114
25 Jun 2016 19:21:26.923,25 Jun 2016 20:17:09.590,3342.667
25 Jun 2016 20:52:36.625,25 Jun 2016 21:48:18.833,3342.209
25 Jun 2016 22:23:46.286,25 Jun 2016 23:19:28.031,3341.745
25 Jun 2016 23:54:55.911,26 Jun 2016 00:50:37.182,3341.271
26 Jun 2016 01:26:05.498,26 Jun 2016 02:21:46.286,3340.788
26 Jun 2016 02:57:15.046,26 Jun 2016 03:52:55.344,3340.297
26 Jun 2016 04:28:24.556,26 Jun 2016 05:24:04.355,3339.799
26 Jun 2016 05:59:34.026,26 Jun 2016 06:55:13.319,3339.293
26 Jun 2016 07:30:43.457,26 Jun 2016 08:26:22.236,3338.779
26 Jun 2016 09:01:52.848,26 Jun 2016 09:57:31.105,3338.258
26 Jun 2016 10:33:02.200,26 Jun 2016 11:28:39.928,3337.728
26 Jun 2016 12:04:11.510,26 Jun 2016 12:59:48.703,3337.193
26 Jun 2016 13:35:20.779,26 Jun 2016 14:30:57.430,3336.651
26 Jun 2016 15:06:30.007,26 Jun 2016 16:02:06.110,3336.102
26 Jun 2016 16:37:39.192,26 Jun 2016 17:33:14.741,3335.550
26 Jun 2016 18:08:48.337,26 Jun 2016 19:04:23.325,3334.989
26 Jun 2016 19:39:57.440,26 Jun 2016 20:35:31.861,3334.421
26 Jun 2016 21:11:06.503,26 Jun 2016 22:06:40.349,3333.846
26 Jun 2016 22:42:15.519,26 Jun 2016 23:37:48.788,3333.270
27 Jun 2016 00:13:24.494,27 Jun 2016 01:08:57.180,3332.686
27 Jun 2016 01:44:33.426,27 Jun 2016 02:40:05.523,3332.097
27 Jun 2016 03:15:42.315,27 Jun 2016 04:11:13.817,3331.503
27 Jun 2016 04:46:51.160,27 Jun 2016 05:42:22.064,3330.904
27 Jun 2016 06:17:59.964,27 Jun 2016 07:13:30.261,3330.298
27 Jun 2016 07:49:08.720,27 Jun 2016 08:44:38.412,3329.692
27 Jun 2016 09:20:17.431,27 Jun 2016 10:15:46.513,3329.083
27 Jun 2016 10:51:26.100,27 Jun 2016 11:46:54.563,3328.462
27 Jun 2016 12:22:34.723,27 Jun 2016 13:18:02.569,3327.845
27 Jun 2016 13:53:43.299,27 Jun 2016 14:49:10.523,3327.223
27 Jun 2016 15:24:51.832,27 Jun 2016 16:20:18.427,3326.595
27 Jun 2016 16:56:00.321,27 Jun 2016 17:51:26.284,3325.963
27 Jun 2016 18:27:08.760,27 Jun 2016 19:22:34.092,3325.332
27 Jun 2016 19:58:17.155,27 Jun 2016 20:53:41.852,3324.697
27 Jun 2016 21:29:25.507,27 Jun 2016 22:24:49.563,3324.056
27 Jun 2016 23:00:33.807,27 Jun 2016 23:55:57.225,3323.418
28 Jun 2016 00:31:42.062,28 Jun 2016 01:27:04.838,3322.776
28 Jun 2016 02:02:50.271,28 Jun 2016 02:58:12.403,3322.131
28 Jun 2016 03:33:58.437,28 Jun 2016 04:29:19.919,3321.482
28 Jun 2016 05:05:06.551,28 Jun 2016 06:00:27.386,3320.834
28 Jun 2016 06:36:14.618,28 Jun 2016 07:31:34.804,3320.187
28 Jun 2016 08:07:22.638,28 Jun 2016 09:02:42.174,3319.536
28 Jun 2016 09:38:30.612,28 Jun 2016 10:33:49.495,3318.883
28 Jun 2016 11:09:38.535,28 Jun 2016 12:04:56.768,3318.233
28 Jun 2016 12:40:46.412,28 Jun 2016 13:36:03.992,3317.580
28 Jun 2016 14:11:54.241,28 Jun 2016 15:07:11.168,3316.927
28 Jun 2016 15:43:02.022,28 Jun 2016 16:38:18.295,3316.273
28 Jun 2016 17:14:09.754,28 Jun 2016 18:09:25.374,3315.620
28 Jun 2016 18:45:17.438,28 Jun 2016 19:40:32.404,3314.967
28 Jun 2016 20:16:25.073,28 Jun 2016 21:11:39.387,3314.314
28 Jun 2016 21:47:32.659,28 Jun 2016 22:42:46.321,3313.661
28 Jun 2016 23:18:40.197,29 Jun 2016 00:13:53.206,3313.010
29 Jun 2016 00:49:47.685,29 Jun 2016 01:45:00.044,3312.359
29 Jun 2016 02:20:55.125,29 Jun 2016 03:16:06.834,3311.709
29 Jun 2016 03:52:02.515,29 Jun 2016 04:47:13.575,3311.061
29 Jun 2016 05:23:09.856,29 Jun 2016 06:18:20.269,3310.414
29 Jun 2016 06:54:17.147,29 Jun 2016 07:49:26.915,3309.768
29 Jun 2016 08:25:24.389,29 Jun 2016 09:20:33.514,3309.125
29 Jun 2016 09:56:31.582,29 Jun 2016 10:51:40.065,3308.483
29 Jun 2016 11:27:38.725,29 Jun 2016 12:22:46.568,3307.843
29 Jun 2016 12:58:45.819,29 Jun 2016 13:53:53.024,3307.205
29 Jun 2016 14:29:52.862,29 Jun 2016 15:24:59.432,3306.570
29 Jun 2016 16:00:59.856,29 Jun 2016 16:56:05.794,3305.938
29 Jun 2016 17:32:06.799,29 Jun 2016 18:27:12.108,3305.309
29 Jun 2016 19:03:13.693,29 Jun 2016 19:58:18.375,3304.682
29 Jun 2016 20:34:20.536,29 Jun 2016 21:29:24.595,3304.059
29 Jun 2016 22:05:27.330,29 Jun 2016 23:00:30.769,3303.439
29 Jun 2016 23:36:34.073,30 Jun 2016 00:31:36.895,3302.822
30 Jun 2016 01:07:40.766,30 Jun 2016 02:02:42.975,3302.209
30 Jun 2016 02:38:47.409,30 Jun 2016 03:33:49.009,3301.599
30 Jun 2016 04:09:54.002,30 Jun 2016 05:04:54.996,3300.994
30 Jun 2016 05:41:00.542,30 Jun 2016 06:36:00.937,3300.395
30 Jun 2016 07:12:07.037,30 Jun 2016 08:07:06.832,3299.795
30 Jun 2016 08:43:13.478,30 Jun 2016 09:38:12.682,3299.204
30 Jun 2016 10:14:19.870,30 Jun 2016 11:09:18.485,3298.615
30 Jun 2016 11:45:26.211,30 Jun 2016 12:40:24.241,3298.030
30 Jun 2016 13:16:32.501,30 Jun 2016 14:11:29.953,3297.452
30 Jun 2016 14:47:38.742,30 Jun 2016 15:42:35.619,3296.878
30 Jun 2016 16:18:44.931,30 Jun 2016 17:13:41.241,3296.310
30 Jun 2016 17:49:51.071,30 Jun 2016 18:44:46.814,3295.743
30 Jun 2016 19:20:57.160,30 Jun 2016 20:15:52.344,3295.184
30 Jun 2016 20:52:03.198,30 Jun 2016 21:46:57.832,3294.634
30 Jun 2016 22:23:09.186,30 Jun 2016 23:18:03.272,3294.086
30 Jun 2016 23:54:15.123,1 Jul 2016 00:00:00.000,344.877